"food: 0","https://cdn.shopify.com/s/files/1/0593/6273/8342/products/PDP_Cat_SALMON_02_Bowl_548x768_crop_center_7390be29-b4b0-4f7e-a633-4365a84690d1_1200x1200.png?v=1646504820","food","This natural dog food grain free recipe contains 65% protein and healthy fat ingredients, and 35% produce, fiber, vitamins, minerals and other natural ingredients.","efd8cb2b3ae82df0b5fd88fb59fdbc2707f8c7ddae6a131f9f5d0f5844497afe","3"
"food: 1","https://cdn.shopify.com/s/files/1/0593/6273/8342/products/PDP_Cat_SALMON_02_Bowl_548x768_crop_center_7390be29-b4b0-4f7e-a633-4365a84690d1_1200x1200.png?v=1646504820","food","This natural dog food grain free recipe contains 65% protein and healthy fat ingredients, and 35% produce, fiber, vitamins, minerals and other natural ingredients.","46e8e72e92059dae813c81c93093f51f061c4f6509324a16223d98bd0a19b9a3","2"
"toys: 2","https://hips.hearstapps.com/hmg-prod.s3.amazonaws.com/images/indoor-dog-toys-1587002073.jpg?crop=1.00xw:0.751xh;0,0.161xh&resize=1200:*","toys","Our dog toys are made of natural and non-toxic material that ensures the safety of dogs. Thicker fabric and better stitching make these toys more durable for dogs. It is suitable for teeth cleaning and chewing.","b57a44eb504f634742cea5430d114f6f119473d0d3f325b72da8152e56656b00","4"
"treats: 3","https://www.petfoodindustry.com/ext/resources/Images-by-month-year/18_03/Dog-treats-chews.jpg?t=1526243719&width=1080","treats","No artificial flavors or colors. Innovative design with a chewy, porous texture.","0e204e3247eca293b44ca59a2d486a54203568582ee4a7ad3c3bc37f32fb4d4b","5"
"treats: 4","https://www.petfoodindustry.com/ext/resources/Images-by-month-year/18_03/Dog-treats-chews.jpg?t=1526243719&width=1080","treats","Real salmon is the #1 ingredient. Crunchy texture helps clean teeth.","80a391cf0db5609b5d34a4cff8421b26054b9082912b2d8c846cdf7f4a5350d1","2"
"treats: 5","https://www.petfoodindustry.com/ext/resources/Images-by-month-year/18_03/Dog-treats-chews.jpg?t=1526243719&width=1080","treats","Real salmon is the #1 ingredient. Crunchy texture helps clean teeth.","e5791021ea0b596ec809c14913f69bcad2ab2a289471072c62b9008b46172c64","1"
"treats: 6","https://www.petfoodindustry.com/ext/resources/Images-by-month-year/18_03/Dog-treats-chews.jpg?t=1526243719&width=1080","treats","Soft and chewy dog treats made with real chuck roast. Fortified with 12 vitamins and minerals.","2cf1447205faccd84e389c892c21feb23cdd9aef107952b6691f1957ef2df596","3"
"food: 7","https://cdn.shopify.com/s/files/1/0593/6273/8342/products/PDP_Cat_SALMON_02_Bowl_548x768_crop_center_7390be29-b4b0-4f7e-a633-4365a84690d1_1200x1200.png?v=1646504820","food","This natural dog food grain free recipe contains 65% protein and healthy fat ingredients, and 35% produce, fiber, vitamins, minerals and other natural ingredients.","4874b2aa8d42c61fd8d6e697612156a5c8e19a944c84b85e0153413047b1c9e5","5"
"treats: 8","https://www.petfoodindustry.com/ext/resources/Images-by-month-year/18_03/Dog-treats-chews.jpg?t=1526243719&width=1080","treats","Soft and chewy dog treats made with real chuck roast. Fortified with 12 vitamins and minerals.","64235e4b9b94befd2cc5302c41f7dd05daccda3a49883d415f25e732cdd5a0cb","1"
"beds: 9","https://assets.pbimgs.com/pbimgs/rk/images/dp/wcm/202212/0013/3-in-1-pet-bed-z.jpg","beds","High quality soft faux fur surface material feels like mommy s fur, provide a warmth and safety, comfortable quality sleeping environment for pets. It helps them to calm down faster, ease anxiety, and sleep well.","825fc14007cbee6cb88f636ec5e67572c20da51f816b803487363feb103691db","2"
"beds: 10","https://assets.pbimgs.com/pbimgs/rk/images/dp/wcm/202212/0013/3-in-1-pet-bed-z.jpg","beds","ASSORTED SIZE: X-Large -- 32x24x8 donut bed perfect for your cat, small or medium dogs weight up to 35lbs. Our calming bed not suitable for puppies or dogs with excessive teething or chewing behavior!","b76c43714d078628d8a804ae85b4d0057467916c2853caed997c4b3e2c490b2a","1"
"food: 11","https://cdn.shopify.com/s/files/1/0593/6273/8342/products/PDP_Cat_SALMON_02_Bowl_548x768_crop_center_7390be29-b4b0-4f7e-a633-4365a84690d1_1200x1200.png?v=1646504820","food","Sustainably raised salmon is the #1 ingredient; protein helps keep dogs at their bounding best.","d799bc336800b4011f62ace521aa2e6944d0ca603855c2807317213ff410167d","4"
"food: 12","https://cdn.shopify.com/s/files/1/0593/6273/8342/products/PDP_Cat_SALMON_02_Bowl_548x768_crop_center_7390be29-b4b0-4f7e-a633-4365a84690d1_1200x1200.png?v=1646504820","food","NO ADDED SALMON BY-PRODUCT MEAL, corn, wheat, soy, artificial colors, flavors, or preservatives.","2804aadd18cd4837e41c6037b5ccebf55e4882bea412efd825c411fd4652c3a5","5"
"beds: 13","https://assets.pbimgs.com/pbimgs/rk/images/dp/wcm/202212/0013/3-in-1-pet-bed-z.jpg","beds","ASSORTED SIZE: X-Large -- 32x24x8 donut bed perfect for your cat, small or medium dogs weight up to 35lbs. Our calming bed not suitable for puppies or dogs with excessive teething or chewing behavior!","bb6c5f8e23972521cd5622c5d2bfeb23c2629190f5f1028bd706b467be555981","1"
"toys: 14","https://hips.hearstapps.com/hmg-prod.s3.amazonaws.com/images/indoor-dog-toys-1587002073.jpg?crop=1.00xw:0.751xh;0,0.161xh&resize=1200:*","toys","High Quality & Excellence Service: Our dog chew toys undergo rigorous quality testing. Made of durable and natural material, good for dogs. Feel free to contact us if you have any questions. Our friendly support team is always here to help you. You can confidently buy our products, this dog toy pack is definitely a good choice for you.","bb02abdfd528ab7576bf3bbadc058c655ed5a20f9e4bf2b2853b6c5ab00047b7","3"
"toys: 15","https://hips.hearstapps.com/hmg-prod.s3.amazonaws.com/images/indoor-dog-toys-1587002073.jpg?crop=1.00xw:0.751xh;0,0.161xh&resize=1200:*","toys","Squeeky sound, fetchable, chewable, tossable and 12 tiny dog toys to play, entice your dog to run, chase and exercise, great bulk dog toys for boredom, reduce anxiety and give them mental and physical workout.","f2699bce3b78c158aeae68df09023d97575171b2fa1c97d530bc1fb95ecdbe2a","1"
"beds: 16","https://assets.pbimgs.com/pbimgs/rk/images/dp/wcm/202212/0013/3-in-1-pet-bed-z.jpg","beds","High quality soft faux fur surface material feels like mommy s fur, provide a warmth and safety, comfortable quality sleeping environment for pets. It helps them to calm down faster, ease anxiety, and sleep well.","005bda74dc44af4d1274fd8d7c1717a4c7e12168f66b19c5842c279f1183c582","1"
"treats: 17","https://www.petfoodindustry.com/ext/resources/Images-by-month-year/18_03/Dog-treats-chews.jpg?t=1526243719&width=1080","treats","Soft and chewy dog treats made with real chuck roast. Fortified with 12 vitamins and minerals.","dd1c30ff7bc722c1b3a67ae712bef0578df885bec9fe75554156402b3031e8b1","3"
"treats: 18","https://www.petfoodindustry.com/ext/resources/Images-by-month-year/18_03/Dog-treats-chews.jpg?t=1526243719&width=1080","treats","No artificial flavors or colors. Innovative design with a chewy, porous texture.","2829b4b9e336368ad149834f31e1046db12253fb74b1e4b7fec89076313d7d51","4"
"beds: 19","https://assets.pbimgs.com/pbimgs/rk/images/dp/wcm/202212/0013/3-in-1-pet-bed-z.jpg","beds","ASSORTED SIZE: X-Large -- 32x24x8 donut bed perfect for your cat, small or medium dogs weight up to 35lbs. Our calming bed not suitable for puppies or dogs with excessive teething or chewing behavior!","5d41cadbf073e0d96add48449d0351f875c3cd005a4256e705c4d08fc35ace8e","4"
"treats: 20","https://www.petfoodindustry.com/ext/resources/Images-by-month-year/18_03/Dog-treats-chews.jpg?t=1526243719&width=1080","treats","Real salmon is the #1 ingredient. Crunchy texture helps clean teeth.","ddccc2d7f35afc433c9f0afdc87ca37495a61c1874f230f2a4cd8d858b742d28","5"
"beds: 21","https://assets.pbimgs.com/pbimgs/rk/images/dp/wcm/202212/0013/3-in-1-pet-bed-z.jpg","beds","The sleep surface (28”x23”) is made of a flannel cover that provides a soft and comfortable sleeping area for dogs or cats.","16cf59bec7937f8bcdc8896b7aaaec57a0803b45800641c6912c1e2e57f98e3b","2"
"food: 22","https://cdn.shopify.com/s/files/1/0593/6273/8342/products/PDP_Cat_SALMON_02_Bowl_548x768_crop_center_7390be29-b4b0-4f7e-a633-4365a84690d1_1200x1200.png?v=1646504820","food","Sustainably raised salmon is the #1 ingredient; protein helps keep dogs at their bounding best.","1a8962de047ad875e5b3ce6425cdb226c7999b1cfde6d39ed2482c9662c8758e","1"
"treats: 23","https://www.petfoodindustry.com/ext/resources/Images-by-month-year/18_03/Dog-treats-chews.jpg?t=1526243719&width=1080","treats","Soft and chewy dog treats made with real chuck roast. Fortified with 12 vitamins and minerals.","7811220cd759cc082668e4aef6cba2048252911a8acec2645c980f5c7c4d5547","3"
"food: 24","https://cdn.shopify.com/s/files/1/0593/6273/8342/products/PDP_Cat_SALMON_02_Bowl_548x768_crop_center_7390be29-b4b0-4f7e-a633-4365a84690d1_1200x1200.png?v=1646504820","food","Sustainably raised salmon is the #1 ingredient; protein helps keep dogs at their bounding best.","40708b770ec9dc2e499ce0b33266c9f4a4fa78b5f17482e0be1afca502f0e42d","5"
"treats: 25","https://www.petfoodindustry.com/ext/resources/Images-by-month-year/18_03/Dog-treats-chews.jpg?t=1526243719&width=1080","treats","Soft and chewy dog treats made with real chuck roast. Fortified with 12 vitamins and minerals.","47019620273d452139f600d9cd85ae3fe48ff5cccac335d87aa4b3099f62ad2a","1"
"beds: 26","https://assets.pbimgs.com/pbimgs/rk/images/dp/wcm/202212/0013/3-in-1-pet-bed-z.jpg","beds","High quality soft faux fur surface material feels like mommy s fur, provide a warmth and safety, comfortable quality sleeping environment for pets. It helps them to calm down faster, ease anxiety, and sleep well.","eda35e3465587a66b5b8e74bb96d613b94c329f2ee8a4add345c2d15e1d3cd7c","4"
"food: 27","https://cdn.shopify.com/s/files/1/0593/6273/8342/products/PDP_Cat_SALMON_02_Bowl_548x768_crop_center_7390be29-b4b0-4f7e-a633-4365a84690d1_1200x1200.png?v=1646504820","food","This natural dog food grain free recipe contains 65% protein and healthy fat ingredients, and 35% produce, fiber, vitamins, minerals and other natural ingredients.","da67091b09a1d9c4957b542654848bcf1ff4a66b66e995d6b5c92ae15cf70b1f","2"
"treats: 28","https://www.petfoodindustry.com/ext/resources/Images-by-month-year/18_03/Dog-treats-chews.jpg?t=1526243719&width=1080","treats","Soft and chewy dog treats made with real chuck roast. Fortified with 12 vitamins and minerals.","7c1324f517cf5a760f61df9ce2efb9f7d0a78ed26a334f1203f73e54fc8712e2","1"
"beds: 29","https://assets.pbimgs.com/pbimgs/rk/images/dp/wcm/202212/0013/3-in-1-pet-bed-z.jpg","beds","ASSORTED SIZE: X-Large -- 32x24x8 donut bed perfect for your cat, small or medium dogs weight up to 35lbs. Our calming bed not suitable for puppies or dogs with excessive teething or chewing behavior!","0004c8f9986bcf3fbc7f23d8f94b2dc31953ab508e62f6ef4772f966a4a28e11","1"
"treats: 30","https://www.petfoodindustry.com/ext/resources/Images-by-month-year/18_03/Dog-treats-chews.jpg?t=1526243719&width=1080","treats","Soft and chewy dog treats made with real chuck roast. Fortified with 12 vitamins and minerals.","4dfff553d778bc9e731564da97687427b105726c7f2fa9aea795c882ba038619","2"
"beds: 31","https://assets.pbimgs.com/pbimgs/rk/images/dp/wcm/202212/0013/3-in-1-pet-bed-z.jpg","beds","ASSORTED SIZE: X-Large -- 32x24x8 donut bed perfect for your cat, small or medium dogs weight up to 35lbs. Our calming bed not suitable for puppies or dogs with excessive teething or chewing behavior!","015daa9f3e0beea7522974d8ded88fc7d38ee4b96338bdadfe2e93c80edf3836","3"
"toys: 32","https://hips.hearstapps.com/hmg-prod.s3.amazonaws.com/images/indoor-dog-toys-1587002073.jpg?crop=1.00xw:0.751xh;0,0.161xh&resize=1200:*","toys","Our dog toys are made of natural and non-toxic material that ensures the safety of dogs. Thicker fabric and better stitching make these toys more durable for dogs. It is suitable for teeth cleaning and chewing.","b35d0273ebc81f8be4f98ebf18b015fec1ca3f25a35d3f55de05aa328cef4fae","3"
"food: 33","https://cdn.shopify.com/s/files/1/0593/6273/8342/products/PDP_Cat_SALMON_02_Bowl_548x768_crop_center_7390be29-b4b0-4f7e-a633-4365a84690d1_1200x1200.png?v=1646504820","food","NO ADDED SALMON BY-PRODUCT MEAL, corn, wheat, soy, artificial colors, flavors, or preservatives.","1d04cd5601fc92f9b6942dbb94c0389e46de7fa7ca34a9b2e3446f5bed0503c2","1"
"toys: 34","https://hips.hearstapps.com/hmg-prod.s3.amazonaws.com/images/indoor-dog-toys-1587002073.jpg?crop=1.00xw:0.751xh;0,0.161xh&resize=1200:*","toys","Our dog toys are made of natural and non-toxic material that ensures the safety of dogs. Thicker fabric and better stitching make these toys more durable for dogs. It is suitable for teeth cleaning and chewing.","4d1f9346fbfdb271a71c0efae0891313a304d13066d60e01c674ed807c473369","2"
"toys: 35","https://hips.hearstapps.com/hmg-prod.s3.amazonaws.com/images/indoor-dog-toys-1587002073.jpg?crop=1.00xw:0.751xh;0,0.161xh&resize=1200:*","toys","Squeeky sound, fetchable, chewable, tossable and 12 tiny dog toys to play, entice your dog to run, chase and exercise, great bulk dog toys for boredom, reduce anxiety and give them mental and physical workout.","e9e05bbb7cf1a0c760daf7039a18c04057b0f1af1863f2886381bf101dba9c05","5"
"beds: 36","https://assets.pbimgs.com/pbimgs/rk/images/dp/wcm/202212/0013/3-in-1-pet-bed-z.jpg","beds","High quality soft faux fur surface material feels like mommy s fur, provide a warmth and safety, comfortable quality sleeping environment for pets. It helps them to calm down faster, ease anxiety, and sleep well.","1876b90b5433d4d5686581a47b6026e5b77bd4538378e6f5e73c8c5f9ec9c0b5","4"
"food: 37","https://cdn.shopify.com/s/files/1/0593/6273/8342/products/PDP_Cat_SALMON_02_Bowl_548x768_crop_center_7390be29-b4b0-4f7e-a633-4365a84690d1_1200x1200.png?v=1646504820","food","Sustainably raised salmon is the #1 ingredient; protein helps keep dogs at their bounding best.","20255f496f4966e2328c4d970dec59fd845acf236f4afc42d920349c1ddb1a53","3"
"treats: 38","https://www.petfoodindustry.com/ext/resources/Images-by-month-year/18_03/Dog-treats-chews.jpg?t=1526243719&width=1080","treats","No artificial flavors or colors. Innovative design with a chewy, porous texture.","270c90104e0250cd94999e33989a019ea597b01491c54cb66b1bd86ed107c72b","3"
"toys: 39","https://hips.hearstapps.com/hmg-prod.s3.amazonaws.com/images/indoor-dog-toys-1587002073.jpg?crop=1.00xw:0.751xh;0,0.161xh&resize=1200:*","toys","High Quality & Excellence Service: Our dog chew toys undergo rigorous quality testing. Made of durable and natural material, good for dogs. Feel free to contact us if you have any questions. Our friendly support team is always here to help you. You can confidently buy our products, this dog toy pack is definitely a good choice for you.","8210a2c279e516df757a40a19b428a070d5f46dcdcc3d7bb70d4624db88d4a0c","3"
"beds: 40","https://assets.pbimgs.com/pbimgs/rk/images/dp/wcm/202212/0013/3-in-1-pet-bed-z.jpg","beds","High quality soft faux fur surface material feels like mommy s fur, provide a warmth and safety, comfortable quality sleeping environment for pets. It helps them to calm down faster, ease anxiety, and sleep well.","2100013ceffff546f1b8dbf847035f9976202636b83a8d8ce9e5831379b2cc3d","1"
"beds: 41","https://assets.pbimgs.com/pbimgs/rk/images/dp/wcm/202212/0013/3-in-1-pet-bed-z.jpg","beds","High quality soft faux fur surface material feels like mommy s fur, provide a warmth and safety, comfortable quality sleeping environment for pets. It helps them to calm down faster, ease anxiety, and sleep well.","5646fcaa4fcd856c2ea1a8a7e7f5db2b7df9ebf56d5cc7665b08897839f75d66","3"
"toys: 42","https://hips.hearstapps.com/hmg-prod.s3.amazonaws.com/images/indoor-dog-toys-1587002073.jpg?crop=1.00xw:0.751xh;0,0.161xh&resize=1200:*","toys","High Quality & Excellence Service: Our dog chew toys undergo rigorous quality testing. Made of durable and natural material, good for dogs. Feel free to contact us if you have any questions. Our friendly support team is always here to help you. You can confidently buy our products, this dog toy pack is definitely a good choice for you.","1dfc5b10aa9760b87a4d5eb7bd29319718ec56d77f945333c7d236542de45f53","3"
"beds: 43","https://assets.pbimgs.com/pbimgs/rk/images/dp/wcm/202212/0013/3-in-1-pet-bed-z.jpg","beds","The sleep surface (28”x23”) is made of a flannel cover that provides a soft and comfortable sleeping area for dogs or cats.","f06bd41a9740d5faa9d2ec1b5440a31957eb90eed30327e718944c8efab0b801","3"
"treats: 44","https://www.petfoodindustry.com/ext/resources/Images-by-month-year/18_03/Dog-treats-chews.jpg?t=1526243719&width=1080","treats","No artificial flavors or colors. Innovative design with a chewy, porous texture.","a90561c78843ba52c7295085087b2f76730e27ca6ad8183db07a9cec22f5ba16","4"
"treats: 45","https://www.petfoodindustry.com/ext/resources/Images-by-month-year/18_03/Dog-treats-chews.jpg?t=1526243719&width=1080","treats","No artificial flavors or colors. Innovative design with a chewy, porous texture.","0f7f69e8ea323005e79c6c432a0c2ba07e71257d6c53faf2ea616d55a68fef32","1"
"food: 46","https://cdn.shopify.com/s/files/1/0593/6273/8342/products/PDP_Cat_SALMON_02_Bowl_548x768_crop_center_7390be29-b4b0-4f7e-a633-4365a84690d1_1200x1200.png?v=1646504820","food","NO ADDED SALMON BY-PRODUCT MEAL, corn, wheat, soy, artificial colors, flavors, or preservatives.","3bffb504486b721f1d468a9a17299dc9741a6195a46487a00d4ef014ce9ff9fb","2"
"toys: 47","https://hips.hearstapps.com/hmg-prod.s3.amazonaws.com/images/indoor-dog-toys-1587002073.jpg?crop=1.00xw:0.751xh;0,0.161xh&resize=1200:*","toys","High Quality & Excellence Service: Our dog chew toys undergo rigorous quality testing. Made of durable and natural material, good for dogs. Feel free to contact us if you have any questions. Our friendly support team is always here to help you. You can confidently buy our products, this dog toy pack is definitely a good choice for you.","a54e9705eda02f191f0cff177c73a26906f412cc11341409fed5ec09a58830fc","2"
"food: 48","https://cdn.shopify.com/s/files/1/0593/6273/8342/products/PDP_Cat_SALMON_02_Bowl_548x768_crop_center_7390be29-b4b0-4f7e-a633-4365a84690d1_1200x1200.png?v=1646504820","food","NO ADDED SALMON BY-PRODUCT MEAL, corn, wheat, soy, artificial colors, flavors, or preservatives.","260c2656a79549bea6570075e3b6ce01a1a3422d0bb9f5e57a626776b0384db8","4"
"treats: 49","https://www.petfoodindustry.com/ext/resources/Images-by-month-year/18_03/Dog-treats-chews.jpg?t=1526243719&width=1080","treats","No artificial flavors or colors. Innovative design with a chewy, porous texture.","3542b9180ff85d97ba9c868896b4a9be979567582c6c42d3e8013f3ef43d38b1","4"
"treats: 50","https://www.petfoodindustry.com/ext/resources/Images-by-month-year/18_03/Dog-treats-chews.jpg?t=1526243719&width=1080","treats","Soft and chewy dog treats made with real chuck roast. Fortified with 12 vitamins and minerals.","1bd4c6ab19826cd077cf009704996d3fd8c8cc3e56c4c5ce78bc3267470ecf28","4"
"food: 51","https://cdn.shopify.com/s/files/1/0593/6273/8342/products/PDP_Cat_SALMON_02_Bowl_548x768_crop_center_7390be29-b4b0-4f7e-a633-4365a84690d1_1200x1200.png?v=1646504820","food","Sustainably raised salmon is the #1 ingredient; protein helps keep dogs at their bounding best.","5fc8682a9c404b3716d6142f868fa9387e8f1ba5d59774f723a52fe2aeef4051","2"
"toys: 52","https://hips.hearstapps.com/hmg-prod.s3.amazonaws.com/images/indoor-dog-toys-1587002073.jpg?crop=1.00xw:0.751xh;0,0.161xh&resize=1200:*","toys","Squeeky sound, fetchable, chewable, tossable and 12 tiny dog toys to play, entice your dog to run, chase and exercise, great bulk dog toys for boredom, reduce anxiety and give them mental and physical workout.","e3ba4d741b71c72709b1d8b89d6aa399eaa5cffd7e0eddb9611b73a35773631e","2"
"beds: 53","https://assets.pbimgs.com/pbimgs/rk/images/dp/wcm/202212/0013/3-in-1-pet-bed-z.jpg","beds","The sleep surface (28”x23”) is made of a flannel cover that provides a soft and comfortable sleeping area for dogs or cats.","cf0008e44dc81f4106a811e83163a1b712a29d063b1dc2a104888bdc8080a59a","2"
"toys: 54","https://hips.hearstapps.com/hmg-prod.s3.amazonaws.com/images/indoor-dog-toys-1587002073.jpg?crop=1.00xw:0.751xh;0,0.161xh&resize=1200:*","toys","Our dog toys are made of natural and non-toxic material that ensures the safety of dogs. Thicker fabric and better stitching make these toys more durable for dogs. It is suitable for teeth cleaning and chewing.","2963a36ce436d0ec0be05d4e11cf9f6a6e00c687be825bb8091bd53cceb2e517","2"
"beds: 55","https://assets.pbimgs.com/pbimgs/rk/images/dp/wcm/202212/0013/3-in-1-pet-bed-z.jpg","beds","The sleep surface (28”x23”) is made of a flannel cover that provides a soft and comfortable sleeping area for dogs or cats.","9503d9579c17e43b22b07b31b70c9488e5b70101f1bc90bca0314ea9cfe808b4","5"
"food: 56","https://cdn.shopify.com/s/files/1/0593/6273/8342/products/PDP_Cat_SALMON_02_Bowl_548x768_crop_center_7390be29-b4b0-4f7e-a633-4365a84690d1_1200x1200.png?v=1646504820","food","Sustainably raised salmon is the #1 ingredient; protein helps keep dogs at their bounding best.","b977206f9d530d1a13d6eb78039a09a114f6666aa7028d2f21cf31e92a4de71e","4"
"treats: 57","https://www.petfoodindustry.com/ext/resources/Images-by-month-year/18_03/Dog-treats-chews.jpg?t=1526243719&width=1080","treats","Real salmon is the #1 ingredient. Crunchy texture helps clean teeth.","7182c8a4239821074611d02d99b08b309e641796ab08e6aad5ba09eb1d6504b6","1"
"treats: 58","https://www.petfoodindustry.com/ext/resources/Images-by-month-year/18_03/Dog-treats-chews.jpg?t=1526243719&width=1080","treats","No artificial flavors or colors. Innovative design with a chewy, porous texture.","78be5c924a531c000d9be918d7f085f0a6f5050264b67149e445f7220c1375b0","3"
"food: 59","https://cdn.shopify.com/s/files/1/0593/6273/8342/products/PDP_Cat_SALMON_02_Bowl_548x768_crop_center_7390be29-b4b0-4f7e-a633-4365a84690d1_1200x1200.png?v=1646504820","food","Sustainably raised salmon is the #1 ingredient; protein helps keep dogs at their bounding best.","6e84f17828aa2267b5da932da51183a2711d6a83a37da707eda0c577ba4db3f0","1"
"food: 60","https://cdn.shopify.com/s/files/1/0593/6273/8342/products/PDP_Cat_SALMON_02_Bowl_548x768_crop_center_7390be29-b4b0-4f7e-a633-4365a84690d1_1200x1200.png?v=1646504820","food","Sustainably raised salmon is the #1 ingredient; protein helps keep dogs at their bounding best.","e632a0ffb94de5bb9f1677d2d134ec0b8f9dc01f166a331e4c7d445bc3e4dd93","2"
"beds: 61","https://assets.pbimgs.com/pbimgs/rk/images/dp/wcm/202212/0013/3-in-1-pet-bed-z.jpg","beds","ASSORTED SIZE: X-Large -- 32x24x8 donut bed perfect for your cat, small or medium dogs weight up to 35lbs. Our calming bed not suitable for puppies or dogs with excessive teething or chewing behavior!","bd1b49e6bf68a859202b6e11376b32235bd8a190cf150c26b5ea7b1ac2a23061","5"
"toys: 62","https://hips.hearstapps.com/hmg-prod.s3.amazonaws.com/images/indoor-dog-toys-1587002073.jpg?crop=1.00xw:0.751xh;0,0.161xh&resize=1200:*","toys","Squeeky sound, fetchable, chewable, tossable and 12 tiny dog toys to play, entice your dog to run, chase and exercise, great bulk dog toys for boredom, reduce anxiety and give them mental and physical workout.","95e31016e4f5fc49e78fc0f6ac5bccabec067c900774ae1a9bda2bde78e4e56e","5"
"toys: 63","https://hips.hearstapps.com/hmg-prod.s3.amazonaws.com/images/indoor-dog-toys-1587002073.jpg?crop=1.00xw:0.751xh;0,0.161xh&resize=1200:*","toys","Our dog toys are made of natural and non-toxic material that ensures the safety of dogs. Thicker fabric and better stitching make these toys more durable for dogs. It is suitable for teeth cleaning and chewing.","dca87be2d645022739b5dda54a1151444772a4a2319ce6a236c193f321f286ab","2"
"treats: 64","https://www.petfoodindustry.com/ext/resources/Images-by-month-year/18_03/Dog-treats-chews.jpg?t=1526243719&width=1080","treats","No artificial flavors or colors. Innovative design with a chewy, porous texture.","1651ccd2d770b19f1522343e69d755f7ac2aaa95f282a1dffb57802656b28053","3"
"beds: 65","https://assets.pbimgs.com/pbimgs/rk/images/dp/wcm/202212/0013/3-in-1-pet-bed-z.jpg","beds","The sleep surface (28”x23”) is made of a flannel cover that provides a soft and comfortable sleeping area for dogs or cats.","12618d50bfde4583a01a6cccb093273b8b5f6eb9780b57e879780e4a05759714","3"
"food: 66","https://cdn.shopify.com/s/files/1/0593/6273/8342/products/PDP_Cat_SALMON_02_Bowl_548x768_crop_center_7390be29-b4b0-4f7e-a633-4365a84690d1_1200x1200.png?v=1646504820","food","This natural dog food grain free recipe contains 65% protein and healthy fat ingredients, and 35% produce, fiber, vitamins, minerals and other natural ingredients.","b07d714e1da24f3df589e31c05c70ceb35475e74587a4e8e4444ae25f851b4a4","2"
"toys: 67","https://hips.hearstapps.com/hmg-prod.s3.amazonaws.com/images/indoor-dog-toys-1587002073.jpg?crop=1.00xw:0.751xh;0,0.161xh&resize=1200:*","toys","Squeeky sound, fetchable, chewable, tossable and 12 tiny dog toys to play, entice your dog to run, chase and exercise, great bulk dog toys for boredom, reduce anxiety and give them mental and physical workout.","6f4a701e1a9b620f47181b3f6bb57c0f1d18a8c8684b19863b013d59e5cbc2da","4"
"food: 68","https://cdn.shopify.com/s/files/1/0593/6273/8342/products/PDP_Cat_SALMON_02_Bowl_548x768_crop_center_7390be29-b4b0-4f7e-a633-4365a84690d1_1200x1200.png?v=1646504820","food","Sustainably raised salmon is the #1 ingredient; protein helps keep dogs at their bounding best.","bb959742e2cafdda5c6be11a35ad3550418491471718ff53cf014c254c7e9022","4"
"treats: 69","https://www.petfoodindustry.com/ext/resources/Images-by-month-year/18_03/Dog-treats-chews.jpg?t=1526243719&width=1080","treats","No artificial flavors or colors. Innovative design with a chewy, porous texture.","97899b387483ba0667182332787617950de57836f373d35e59a4487331532a09","1"
"beds: 70","https://assets.pbimgs.com/pbimgs/rk/images/dp/wcm/202212/0013/3-in-1-pet-bed-z.jpg","beds","High quality soft faux fur surface material feels like mommy s fur, provide a warmth and safety, comfortable quality sleeping environment for pets. It helps them to calm down faster, ease anxiety, and sleep well.","f2f57d7bdb02f828dec04fd1cba55b3f02fa0b42b36e70ca07a28a616182aeeb","4"
"toys: 71","https://hips.hearstapps.com/hmg-prod.s3.amazonaws.com/images/indoor-dog-toys-1587002073.jpg?crop=1.00xw:0.751xh;0,0.161xh&resize=1200:*","toys","Squeeky sound, fetchable, chewable, tossable and 12 tiny dog toys to play, entice your dog to run, chase and exercise, great bulk dog toys for boredom, reduce anxiety and give them mental and physical workout.","2253c28005738e23f4ce37daec719cb5785a10c8b922a286963ab3edf341844b","1"
"beds: 72","https://assets.pbimgs.com/pbimgs/rk/images/dp/wcm/202212/0013/3-in-1-pet-bed-z.jpg","beds","ASSORTED SIZE: X-Large -- 32x24x8 donut bed perfect for your cat, small or medium dogs weight up to 35lbs. Our calming bed not suitable for puppies or dogs with excessive teething or chewing behavior!","8e24e20c72666fe916e45a51bbe00a5a7a1eaba534e57330911d82471e914cf0","1"
"food: 73","https://cdn.shopify.com/s/files/1/0593/6273/8342/products/PDP_Cat_SALMON_02_Bowl_548x768_crop_center_7390be29-b4b0-4f7e-a633-4365a84690d1_1200x1200.png?v=1646504820","food","This natural dog food grain free recipe contains 65% protein and healthy fat ingredients, and 35% produce, fiber, vitamins, minerals and other natural ingredients.","d04acdb0f7f3207bd43771897d949b01665f1d3d22e2a9b31386d3fa56e39930","1"
"food: 74","https://cdn.shopify.com/s/files/1/0593/6273/8342/products/PDP_Cat_SALMON_02_Bowl_548x768_crop_center_7390be29-b4b0-4f7e-a633-4365a84690d1_1200x1200.png?v=1646504820","food","Sustainably raised salmon is the #1 ingredient; protein helps keep dogs at their bounding best.","55b40946411415c46fa2de3a1ca289670b1a712c303261f61978035488e78b21","3"
"toys: 75","https://hips.hearstapps.com/hmg-prod.s3.amazonaws.com/images/indoor-dog-toys-1587002073.jpg?crop=1.00xw:0.751xh;0,0.161xh&resize=1200:*","toys","Squeeky sound, fetchable, chewable, tossable and 12 tiny dog toys to play, entice your dog to run, chase and exercise, great bulk dog toys for boredom, reduce anxiety and give them mental and physical workout.","6086d80aba59f45b8afdafbb1ff38500c99c47b4670ca2fc512a3b3994a174a9","2"
"treats: 76","https://www.petfoodindustry.com/ext/resources/Images-by-month-year/18_03/Dog-treats-chews.jpg?t=1526243719&width=1080","treats","Soft and chewy dog treats made with real chuck roast. Fortified with 12 vitamins and minerals.","232611a4c2ee35e263407c8f1a8127348aa90266d893641f9c05008710f5c0dd","1"
"treats: 77","https://www.petfoodindustry.com/ext/resources/Images-by-month-year/18_03/Dog-treats-chews.jpg?t=1526243719&width=1080","treats","Soft and chewy dog treats made with real chuck roast. Fortified with 12 vitamins and minerals.","bf6d3c67f01ff2e11802ce3e55317273d66c6dd1aaf808d06a12bc79f494108c","4"
"food: 78","https://cdn.shopify.com/s/files/1/0593/6273/8342/products/PDP_Cat_SALMON_02_Bowl_548x768_crop_center_7390be29-b4b0-4f7e-a633-4365a84690d1_1200x1200.png?v=1646504820","food","Sustainably raised salmon is the #1 ingredient; protein helps keep dogs at their bounding best.","e9dff7e4dd2f54cc8620b79c595ccaefa572e029a0330f2102c3ec95f5b911aa","2"
"treats: 79","https://www.petfoodindustry.com/ext/resources/Images-by-month-year/18_03/Dog-treats-chews.jpg?t=1526243719&width=1080","treats","Soft and chewy dog treats made with real chuck roast. Fortified with 12 vitamins and minerals.","01d12bc8e71508d05c89b26ffbfe2f2f039eea862da8715046f2f2f3dfd2721e","4"
"beds: 80","https://assets.pbimgs.com/pbimgs/rk/images/dp/wcm/202212/0013/3-in-1-pet-bed-z.jpg","beds","ASSORTED SIZE: X-Large -- 32x24x8 donut bed perfect for your cat, small or medium dogs weight up to 35lbs. Our calming bed not suitable for puppies or dogs with excessive teething or chewing behavior!","e8d5edc8bbb18e67dcb6580941d94057afd79331a165abc466774cbc30ad3355","5"
"beds: 81","https://assets.pbimgs.com/pbimgs/rk/images/dp/wcm/202212/0013/3-in-1-pet-bed-z.jpg","beds","High quality soft faux fur surface material feels like mommy s fur, provide a warmth and safety, comfortable quality sleeping environment for pets. It helps them to calm down faster, ease anxiety, and sleep well.","ae808647ae778eaa783615727942d2f06de46dd2cf26a680a991a3bc1b077b88","2"
"treats: 82","https://www.petfoodindustry.com/ext/resources/Images-by-month-year/18_03/Dog-treats-chews.jpg?t=1526243719&width=1080","treats","Soft and chewy dog treats made with real chuck roast. Fortified with 12 vitamins and minerals.","0d26194ff32a53a8b3a8ab923ff49a7320574f5f620eb8d0cadd3de8f4770b05","3"
"food: 83","https://cdn.shopify.com/s/files/1/0593/6273/8342/products/PDP_Cat_SALMON_02_Bowl_548x768_crop_center_7390be29-b4b0-4f7e-a633-4365a84690d1_1200x1200.png?v=1646504820","food","Sustainably raised salmon is the #1 ingredient; protein helps keep dogs at their bounding best.","dcaedfbec9d021d9afc3fba920157c84e6b184b3475a791e45cfeeb31f02d164","2"
"treats: 84","https://www.petfoodindustry.com/ext/resources/Images-by-month-year/18_03/Dog-treats-chews.jpg?t=1526243719&width=1080","treats","Real salmon is the #1 ingredient. Crunchy texture helps clean teeth.","0d7182e09ab1237528c4abe3db9f473b14f836e3429a4fdcbab600883d90698d","3"
"food: 85","https://cdn.shopify.com/s/files/1/0593/6273/8342/products/PDP_Cat_SALMON_02_Bowl_548x768_crop_center_7390be29-b4b0-4f7e-a633-4365a84690d1_1200x1200.png?v=1646504820","food","Sustainably raised salmon is the #1 ingredient; protein helps keep dogs at their bounding best.","8a6f5ce252ab85652fd92641ee265f0915fc94929fd1a97336e421ca9cc0934d","4"
"food: 86","https://cdn.shopify.com/s/files/1/0593/6273/8342/products/PDP_Cat_SALMON_02_Bowl_548x768_crop_center_7390be29-b4b0-4f7e-a633-4365a84690d1_1200x1200.png?v=1646504820","food","Sustainably raised salmon is the #1 ingredient; protein helps keep dogs at their bounding best.","58da604383bd79370482aa816e23e1ddb758ad62931718c65d6d9cef35620f24","5"
"food: 87","https://cdn.shopify.com/s/files/1/0593/6273/8342/products/PDP_Cat_SALMON_02_Bowl_548x768_crop_center_7390be29-b4b0-4f7e-a633-4365a84690d1_1200x1200.png?v=1646504820","food","Sustainably raised salmon is the #1 ingredient; protein helps keep dogs at their bounding best.","c340c4f85a83876dbfbac4e1490697da69980903deb463a17134a83173a85dbc","5"
"food: 88","https://cdn.shopify.com/s/files/1/0593/6273/8342/products/PDP_Cat_SALMON_02_Bowl_548x768_crop_center_7390be29-b4b0-4f7e-a633-4365a84690d1_1200x1200.png?v=1646504820","food","NO ADDED SALMON BY-PRODUCT MEAL, corn, wheat, soy, artificial colors, flavors, or preservatives.","4bae11b2e8b5c60f7e39c5bbea6f1723659159cce80294ceecd56650452f003b","2"
"food: 89","https://cdn.shopify.com/s/files/1/0593/6273/8342/products/PDP_Cat_SALMON_02_Bowl_548x768_crop_center_7390be29-b4b0-4f7e-a633-4365a84690d1_1200x1200.png?v=1646504820","food","Sustainably raised salmon is the #1 ingredient; protein helps keep dogs at their bounding best.","629126ef5e147fa07277df4cc80abdd3a16262103b982b65203930979f593e74","1"
"toys: 90","https://hips.hearstapps.com/hmg-prod.s3.amazonaws.com/images/indoor-dog-toys-1587002073.jpg?crop=1.00xw:0.751xh;0,0.161xh&resize=1200:*","toys","High Quality & Excellence Service: Our dog chew toys undergo rigorous quality testing. Made of durable and natural material, good for dogs. Feel free to contact us if you have any questions. Our friendly support team is always here to help you. You can confidently buy our products, this dog toy pack is definitely a good choice for you.","081c935fb55e6d3e5cb5f50aec35527a67cf90a2e55b1cb87c6917599560ee17","3"
"toys: 91","https://hips.hearstapps.com/hmg-prod.s3.amazonaws.com/images/indoor-dog-toys-1587002073.jpg?crop=1.00xw:0.751xh;0,0.161xh&resize=1200:*","toys","Our dog toys are made of natural and non-toxic material that ensures the safety of dogs. Thicker fabric and better stitching make these toys more durable for dogs. It is suitable for teeth cleaning and chewing.","964127344b42194ae25b6bbc77d15a0d6803c1c6ab043c4fe7f7ddc9bef21acd","1"
"treats: 92","https://www.petfoodindustry.com/ext/resources/Images-by-month-year/18_03/Dog-treats-chews.jpg?t=1526243719&width=1080","treats","No artificial flavors or colors. Innovative design with a chewy, porous texture.","bdb55f62ef1d7eb85478dc346940449021f9130390bd85b8758ad5491d5252ec","1"
"beds: 93","https://assets.pbimgs.com/pbimgs/rk/images/dp/wcm/202212/0013/3-in-1-pet-bed-z.jpg","beds","The sleep surface (28”x23”) is made of a flannel cover that provides a soft and comfortable sleeping area for dogs or cats.","b683c0b9b1dc6a162c82afe94a8165ed629221ddba4aa74522195fb4a1d3bba5","4"
"toys: 94","https://hips.hearstapps.com/hmg-prod.s3.amazonaws.com/images/indoor-dog-toys-1587002073.jpg?crop=1.00xw:0.751xh;0,0.161xh&resize=1200:*","toys","Our dog toys are made of natural and non-toxic material that ensures the safety of dogs. Thicker fabric and better stitching make these toys more durable for dogs. It is suitable for teeth cleaning and chewing.","0430ece797a2ea52f0eec9e0b9ac48055701f9422ad1597793543da9ab18dc45","2"
"beds: 95","https://assets.pbimgs.com/pbimgs/rk/images/dp/wcm/202212/0013/3-in-1-pet-bed-z.jpg","beds","ASSORTED SIZE: X-Large -- 32x24x8 donut bed perfect for your cat, small or medium dogs weight up to 35lbs. Our calming bed not suitable for puppies or dogs with excessive teething or chewing behavior!","7b4bf2dfca1ec4c60a518677bb7225210f010e50fb5f24053e8eff7354bb9de8","1"
"food: 96","https://cdn.shopify.com/s/files/1/0593/6273/8342/products/PDP_Cat_SALMON_02_Bowl_548x768_crop_center_7390be29-b4b0-4f7e-a633-4365a84690d1_1200x1200.png?v=1646504820","food","NO ADDED SALMON BY-PRODUCT MEAL, corn, wheat, soy, artificial colors, flavors, or preservatives.","18f6e1ae0bd44f42cba36ba678a576a0e0906185e21feb61ab6afae8c1498f11","1"
"toys: 97","https://hips.hearstapps.com/hmg-prod.s3.amazonaws.com/images/indoor-dog-toys-1587002073.jpg?crop=1.00xw:0.751xh;0,0.161xh&resize=1200:*","toys","Our dog toys are made of natural and non-toxic material that ensures the safety of dogs. Thicker fabric and better stitching make these toys more durable for dogs. It is suitable for teeth cleaning and chewing.","15ed961ab8e07dcf689d859c1b959be10e957f4d9cc035a3751c3ca8eefe4be2","3"
"toys: 98","https://hips.hearstapps.com/hmg-prod.s3.amazonaws.com/images/indoor-dog-toys-1587002073.jpg?crop=1.00xw:0.751xh;0,0.161xh&resize=1200:*","toys","Squeeky sound, fetchable, chewable, tossable and 12 tiny dog toys to play, entice your dog to run, chase and exercise, great bulk dog toys for boredom, reduce anxiety and give them mental and physical workout.","a3ebc2a394e1363a1e09edf36a836634175e110ee0878577877eccaa75f07ace","3"
"treats: 99","https://www.petfoodindustry.com/ext/resources/Images-by-month-year/18_03/Dog-treats-chews.jpg?t=1526243719&width=1080","treats","Real salmon is the #1 ingredient. Crunchy texture helps clean teeth.","568b4b53e18e46ccedae39ab31bd25042880bd0fc35bca6ef627ddbc00a11454","4"
