"Ariana Anderson","YOIU9O","beds: 81","2020-08-19 23:37:16","2016-04-23 13:36:44","1","Apt 6921, 8735 Reynolds Knolls Suite 417, LA 16311","Apt 6921, 8735 Reynolds Knolls Suite 417, LA 16311","FDGXE1","1","0","1","0","0","0"
"Dr. Rebecca Mejia","A5064T","beds: 43","2019-03-06 11:10:17","2017-05-15 14:20:16","0","Apt 0292, 95368 Anita Square Suite 187, HI 60125","Apt 0292, 95368 Anita Square Suite 187, HI 60125","OFLH1Y","1","0","1","0","1","1"
"Ryan Scott","WJTI9O","beds: 21","2022-02-18 04:10:23","2018-05-27 12:32:35","0","Apt 625, 82434 Graves Glen, KS 68322","Apt 625, 82434 Graves Glen, KS 68322","LFV91G","0","1","0","0","1","1"
"Jennifer Castro","1SD7DH","beds: 21","2019-03-03 22:50:57","2019-07-03 09:43:04","0","Apt 6409, 2790 Noble Corners, OR 53609","Apt 6409, 2790 Noble Corners, OR 53609","3GTITG","1","1","1","1","0","1"
"Kathleen Arroyo","4QMFFN","treats: 4","2019-11-18 15:29:52","2019-02-21 02:54:05","1","Apt 4258, 268 Young Lane Suite 678, MT 53755","Apt 4258, 268 Young Lane Suite 678, MT 53755","9J7IW2","0","1","0","1","0","0"
"Brian Jones","5EJ7U3","food: 22","2016-12-02 11:11:37","2021-11-03 12:51:08","0","Apt 930, 248 Cook Park, KS 40190","Apt 930, 248 Cook Park, KS 40190","89APCN","0","1","1","1","0","1"
"Ryan Scott","QVTZL9","treats: 25","2019-11-18 21:58:48","2019-12-09 00:25:44","0","Apt 9602, 42787 Nicole Park Suite 470, MT 25142","Apt 9602, 42787 Nicole Park Suite 470, MT 25142","H7YF85","1","1","1","0","0","1"
"Marissa Williams","NNS4UJ","treats: 38","2017-04-25 09:39:30","2018-06-26 17:07:00","0","Apt 707, 8786 Baker Forks, MN 21412","Apt 707, 8786 Baker Forks, MN 21412","FDGXE1","1","0","0","1","0","1"
"Sarah Hester","6E7CLC","treats: 92","2018-02-23 10:45:20","2019-06-04 18:56:09","0","Apt 4361, 10502 Gilbert Shoal Apt. 578, UT 65516","Apt 4361, 10502 Gilbert Shoal Apt. 578, UT 65516","KRFQQY","1","0","0","1","0","0"
"Andrew Vasquez","UQ5NBR","food: 83","2019-07-15 15:33:47","2018-03-26 02:52:30","0","Apt 1176, 147 Lisa Hill Apt. 512, AR 87735","Apt 1176, 147 Lisa Hill Apt. 512, AR 87735","Q4HZFR","1","0","1","0","1","1"
"Janet Hughes","2Q8FAU","treats: 64","2017-09-07 02:26:52","2016-03-23 12:52:03","0","Apt 50909, 5445 Patton Rapid, GA 00633","Apt 50909, 5445 Patton Rapid, GA 00633","TVQVP4","0","1","1","0","0","1"
"Ryan Ware","L79YZ6","treats: 25","2020-04-20 02:44:46","2017-10-28 08:47:32","1","Apt 50909, 5445 Patton Rapid, GA 00633","Apt 50909, 5445 Patton Rapid, GA 00633","IL1VSZ","1","0","0","1","1","1"
"Brittany Cunningham","C3DH8G","treats: 30","2020-05-25 15:44:45","2017-04-11 11:42:57","0","Apt 707, 8786 Baker Forks, MN 21412","Apt 707, 8786 Baker Forks, MN 21412","N14T9V","1","1","1","1","0","1"
"Ashley Wallace","VJFRTI","food: 46","2019-02-12 09:37:31","2017-10-04 12:00:30","0","Apt 8647, 304 Albert Park Suite 067, NV 15983","Apt 8647, 304 Albert Park Suite 067, NV 15983","JPEIBW","0","0","1","0","0","0"
"Amanda Jones","8CXTDH","toys: 67","2018-12-25 02:19:55","2022-02-12 13:50:01","1","Apt 758, 809 Erika Valley Apt. 634, PA 55268","Apt 758, 809 Erika Valley Apt. 634, PA 55268","DKJOIJ","0","1","0","0","1","0"
"Julie Fernandez","0A3VAC","food: 11","2020-09-26 15:18:33","2018-01-03 02:53:00","0","Apt 00680, 99317 Melanie Pike, RI 54922","Apt 00680, 99317 Melanie Pike, RI 54922","N14T9V","1","0","0","1","0","0"
"Debra Diaz","OXTTAT","beds: 21","2019-04-09 19:51:15","2022-01-17 20:29:21","1","Apt 754, 035 Jason Pine, ID 26927","Apt 754, 035 Jason Pine, ID 26927","72DOTZ","1","0","1","1","0","1"
"Timothy Roberts","3IR1M3","beds: 80","2017-07-31 08:57:24","2021-01-19 11:50:49","0","Apt 3673, 0583 White Plains, PA 76875","Apt 3673, 0583 White Plains, PA 76875","KIP3V2","1","1","0","0","0","1"
"Rodney Moss","R09RHG","beds: 29","2018-01-15 04:44:54","2021-03-31 10:36:19","0","Apt 5851, 9635 Valencia Drive, LA 26625","Apt 5851, 9635 Valencia Drive, LA 26625","MI3SMB","0","1","0","1","0","1"
"Casey Jones","O16R6E","food: 89","2019-06-30 05:13:06","2018-01-01 21:59:28","0","Apt 00680, 99317 Melanie Pike, RI 54922","Apt 00680, 99317 Melanie Pike, RI 54922","0I07EP","1","0","0","1","0","0"
"Ryan Scott","R5TKBA","beds: 21","2020-09-26 05:49:26","2020-09-04 09:58:52","1","Apt 56246, 264 Frank Dale, NJ 92947","Apt 56246, 264 Frank Dale, NJ 92947","9FOD91","1","1","0","0","1","1"
"Tyrone Ortiz","KHJ4YH","food: 56","2017-04-13 17:36:40","2020-08-29 07:00:53","0","Apt 3763, 76914 Dyer Landing Apt. 997, IA 36713","Apt 3763, 76914 Dyer Landing Apt. 997, IA 36713","KIIKV8","1","1","1","1","1","1"
"Nicole Christensen","5JDXVG","treats: 69","2020-11-29 16:10:51","2019-10-29 04:40:18","0","Apt 7604, 708 Villa Camp Suite 616, NM 07205","Apt 7604, 708 Villa Camp Suite 616, NM 07205","60AU2U","0","1","0","0","0","0"
"Joseph Mcbride","MCW1NF","beds: 31","2021-10-10 23:30:09","2021-10-13 05:56:38","1","Apt 67820, 550 James Creek, ND 62249","Apt 67820, 550 James Creek, ND 62249","XOO89M","0","0","1","1","1","0"
"Shannon Jones","AMLGD8","toys: 52","2021-02-05 14:15:10","2016-10-22 12:59:31","0","Apt 84983, 8978 Nelson Brook Apt. 912, MT 33108","Apt 84983, 8978 Nelson Brook Apt. 912, MT 33108","5MEUEN","1","0","0","0","1","1"
"Mary Williams","FWGTVF","treats: 44","2021-04-28 14:09:12","2017-04-13 01:22:51","1","Apt 5825, 173 Smith Square Suite 970, ME 15503","Apt 5825, 173 Smith Square Suite 970, ME 15503","1QFEJC","0","0","1","0","1","0"
"Jamie King","S2UFZD","toys: 39","2021-04-08 07:52:01","2021-09-11 00:28:43","1","Apt 146, 6118 Wells Ville Suite 171, NM 56407","Apt 146, 6118 Wells Ville Suite 171, NM 56407","WCN2W0","0","1","0","0","1","1"
"Richard Michael","RX9Z8Z","treats: 28","2018-07-16 08:07:05","2020-08-10 06:37:02","1","Apt 930, 248 Cook Park, KS 40190","Apt 930, 248 Cook Park, KS 40190","HMIJFU","1","1","0","1","0","0"
"Gabriela Jones","JHZBLN","toys: 52","2016-01-21 19:26:17","2020-07-31 11:25:05","0","Apt 14485, 321 Callahan Haven, DC 75733","Apt 14485, 321 Callahan Haven, DC 75733","A4OPRO","1","1","0","0","1","1"
"Scott Flores","T245J0","treats: 20","2017-06-08 18:27:14","2021-06-07 12:38:07","0","Apt 1534, 3511 Rebecca Mission, TX 26936","Apt 1534, 3511 Rebecca Mission, TX 26936","IQ9EIQ","1","1","1","1","0","0"
"Kimberly Gonzalez","WH1Q72","toys: 47","2016-05-30 03:26:10","2018-11-05 11:02:36","0","Apt 795, 942 Lloyd Summit, TX 16433","Apt 795, 942 Lloyd Summit, TX 16433","JPEIBW","0","0","1","0","0","0"
"Melinda Rodriguez","XIXV69","toys: 15","2021-07-12 23:00:29","2016-07-10 16:56:46","0","Apt 15781, 5938 Ramos Pike Suite 080, VA 52775","Apt 15781, 5938 Ramos Pike Suite 080, VA 52775","T4IUEN","0","0","1","1","0","1"
"Lisa Carroll","G7NPFP","food: 12","2021-04-14 10:51:09","2018-12-15 18:38:01","0","Apt 40216, 683 Lee Rest, PA 11723","Apt 40216, 683 Lee Rest, PA 11723","WVILC7","0","0","1","1","1","1"
"Amy Johnson","X2PGYR","treats: 23","2020-04-05 08:28:13","2021-11-28 03:03:51","1","Apt 7604, 708 Villa Camp Suite 616, NM 07205","Apt 7604, 708 Villa Camp Suite 616, NM 07205","HUJL8W","0","0","1","1","1","0"
"Sara Lopez","Y4RHMA","beds: 43","2016-09-21 10:22:20","2018-07-24 05:47:37","1","Apt 40216, 683 Lee Rest, PA 11723","Apt 40216, 683 Lee Rest, PA 11723","N14T9V","0","0","0","1","0","1"
"Ryan Scott","CG3ZH9","beds: 53","2018-10-31 15:38:18","2017-10-15 05:19:55","1","Apt 4712, 1892 Hebert Ferry, MT 57086","Apt 4712, 1892 Hebert Ferry, MT 57086","AYPIHX","0","0","1","0","1","1"
"Karen Vargas","2MDL9W","food: 0","2017-12-07 04:45:56","2019-06-30 15:47:30","1","Apt 979, 703 Stein Ville, OH 96327","Apt 979, 703 Stein Ville, OH 96327","LOH3TV","1","0","1","1","1","1"
"Mary Williams","G25TAC","beds: 19","2016-12-27 18:18:34","2020-09-22 20:10:26","1","Apt 3513, 28711 Golden Overpass, ME 72756","Apt 3513, 28711 Golden Overpass, ME 72756","RF2340","1","0","0","0","0","1"
"Kimberly Gonzalez","3IKNVO","treats: 77","2019-02-23 13:41:30","2020-12-01 16:40:21","0","Apt 3230, 821 Pennington Rapid, RI 82883","Apt 3230, 821 Pennington Rapid, RI 82883","68P88P","0","0","1","0","0","0"
"Lisa Carroll","S7CHHE","treats: 20","2022-03-13 02:21:09","2020-02-23 04:15:42","1","Apt 924, 610 Holly Estate Apt. 376, TX 74969","Apt 924, 610 Holly Estate Apt. 376, TX 74969","J266FO","1","0","1","0","0","1"
"Claudia Choi","L91ZXW","treats: 92","2017-03-15 09:06:14","2020-06-21 03:52:12","1","Apt 74579, 134 Sophia Drives, AZ 44336","Apt 74579, 134 Sophia Drives, AZ 44336","9J7IW2","1","1","0","0","1","1"
"Gloria Downs","5WOUE6","toys: 52","2019-10-12 22:20:21","2021-10-31 10:55:03","0","Apt 6921, 8735 Reynolds Knolls Suite 417, LA 16311","Apt 6921, 8735 Reynolds Knolls Suite 417, LA 16311","GZ6PFX","0","0","1","0","1","0"
"Jennifer Conway","SKF2IX","food: 51","2016-07-16 13:57:31","2018-05-07 04:56:41","0","Apt 1534, 3511 Rebecca Mission, TX 26936","Apt 1534, 3511 Rebecca Mission, TX 26936","O184UX","0","1","0","1","0","0"
"Brenda Arroyo","DE18GH","beds: 26","2021-07-24 11:20:53","2016-04-15 14:10:07","1","Apt 179, 30413 Norton Isle Suite 012, UT 29176","Apt 179, 30413 Norton Isle Suite 012, UT 29176","Q0UY8C","0","1","0","1","0","0"
"Heather Waller","HHGFM3","beds: 36","2017-09-17 16:04:18","2018-01-04 08:51:25","0","Apt 66503, 089 James Rest, ID 40139","Apt 66503, 089 James Rest, ID 40139","SRRROL","1","1","1","1","1","0"
"Ryan Scott","Y9KIG1","beds: 95","2021-07-13 17:04:33","2022-02-28 11:32:19","0","Apt 8209, 805 James Turnpike, RI 31790","Apt 8209, 805 James Turnpike, RI 31790","7IRMNZ","0","1","1","1","0","1"
"Jamie Adams","LMYEFS","treats: 50","2017-06-16 06:06:40","2017-08-07 03:59:40","1","Apt 18684, 96947 Keller Squares, WY 47341","Apt 18684, 96947 Keller Squares, WY 47341","G8VYFP","0","1","1","1","1","1"
"Virginia Clark","E5L7BE","food: 86","2017-11-15 18:06:55","2020-11-07 11:12:47","1","Apt 088, 16419 Hall Stravenue Suite 331, ME 88928","Apt 088, 16419 Hall Stravenue Suite 331, ME 88928","GZ6PFX","1","1","1","0","1","1"
"Kimberly Nelson","XOHGLF","food: 87","2018-06-11 05:49:36","2018-02-01 05:12:16","1","Apt 36670, 60940 Padilla Views Suite 729, CO 33494","Apt 36670, 60940 Padilla Views Suite 729, CO 33494","IA9XKF","0","0","0","1","1","0"
"Stephanie Gates","WJ2NR0","food: 27","2020-07-18 00:43:14","2021-06-05 18:02:32","1","Apt 0223, 500 Butler Overpass Apt. 256, RI 61617","Apt 0223, 500 Butler Overpass Apt. 256, RI 61617","1A2NNR","0","0","0","0","0","1"
"Zachary King","9LD7QX","treats: 76","2021-01-19 02:32:10","2017-03-10 21:54:01","0","Apt 74579, 134 Sophia Drives, AZ 44336","Apt 74579, 134 Sophia Drives, AZ 44336","2T6P9T","0","1","1","1","1","1"
"Christine James","8XK0VZ","treats: 17","2021-08-08 15:52:42","2018-06-04 13:06:55","0","Apt 84983, 8978 Nelson Brook Apt. 912, MT 33108","Apt 84983, 8978 Nelson Brook Apt. 912, MT 33108","9J7IW2","0","1","0","0","1","0"
"Ashley Savage","DNB2ZE","treats: 69","2016-04-30 08:04:21","2021-02-15 17:55:55","0","Apt 76104, 42851 Joshua Brook Apt. 034, MD 48590","Apt 76104, 42851 Joshua Brook Apt. 034, MD 48590","YHFOZG","1","1","0","1","0","0"
"Mrs. Mary Johnson","Y206NV","toys: 63","2018-04-17 00:25:07","2017-10-07 18:07:44","1","Apt 1802, 66617 Martin Junctions Suite 629, LA 66503","Apt 1802, 66617 Martin Junctions Suite 629, LA 66503","GZ6PFX","0","1","0","0","1","1"
"Benjamin Singleton","2QQ2GC","toys: 97","2017-06-06 22:18:22","2019-07-31 12:03:40","0","Apt 5825, 173 Smith Square Suite 970, ME 15503","Apt 5825, 173 Smith Square Suite 970, ME 15503","KIIKV8","1","0","0","1","1","1"
"Brian Jones","7XOBDV","toys: 62","2017-09-04 21:50:19","2021-02-22 07:30:11","1","Apt 4361, 10502 Gilbert Shoal Apt. 578, UT 65516","Apt 4361, 10502 Gilbert Shoal Apt. 578, UT 65516","IA9XKF","1","0","0","1","0","1"
"Ariana Anderson","9OSJMG","beds: 31","2016-10-17 09:02:57","2021-03-12 07:12:58","1","Apt 4440, 448 Branch Field Suite 208, WY 87156","Apt 4440, 448 Branch Field Suite 208, WY 87156","H7YF85","1","0","1","0","1","0"
"Janet Hughes","CFPPJQ","toys: 14","2017-10-23 18:17:58","2019-03-22 07:31:53","1","Apt 1534, 3511 Rebecca Mission, TX 26936","Apt 1534, 3511 Rebecca Mission, TX 26936","L5V0MM","1","0","0","0","0","0"
"Casey Jones","VXCYN0","food: 78","2018-10-08 17:01:59","2021-08-20 09:36:57","0","Apt 0223, 500 Butler Overpass Apt. 256, RI 61617","Apt 0223, 500 Butler Overpass Apt. 256, RI 61617","AYPIHX","1","1","1","1","0","1"
"Maria George","JE8VXH","food: 48","2016-09-12 17:56:49","2017-05-07 21:06:40","0","Apt 7492, 88559 Lisa Wells, FL 23669","Apt 7492, 88559 Lisa Wells, FL 23669","XRJQJ6","0","0","0","0","1","1"
"Amanda Jones","HJ2CKM","treats: 25","2020-05-09 21:11:43","2019-10-25 13:48:40","0","Apt 9602, 42787 Nicole Park Suite 470, MT 25142","Apt 9602, 42787 Nicole Park Suite 470, MT 25142","OFLH1Y","0","0","1","0","1","1"
"Dr. Rebecca Mejia","N9JQU8","food: 86","2016-04-29 00:17:13","2019-04-26 08:41:03","0","Apt 4619, 73576 Sergio Avenue Suite 736, KS 63052","Apt 4619, 73576 Sergio Avenue Suite 736, KS 63052","YHFOZG","1","0","1","1","0","1"
"Erica Walters","QD55L3","beds: 16","2017-06-10 21:23:37","2019-04-13 00:36:02","0","Apt 0700, 03510 Stanton Manors, IL 59347","Apt 0700, 03510 Stanton Manors, IL 59347","7VG9LV","0","1","1","0","1","0"
"Daniel Mccall","H6WCKK","treats: 99","2020-05-01 07:43:03","2016-02-15 22:36:40","1","Apt 8644, 9221 Patrick Ramp Suite 284, SC 62454","Apt 8644, 9221 Patrick Ramp Suite 284, SC 62454","MI3SMB","1","1","0","0","1","0"
"Karen Floyd","HW7E8Q","toys: 62","2019-10-01 18:26:20","2017-06-14 20:44:23","0","Apt 15781, 5938 Ramos Pike Suite 080, VA 52775","Apt 15781, 5938 Ramos Pike Suite 080, VA 52775","F6OOH0","0","1","1","0","0","0"
"Amy Johnson","C8WQS7","beds: 80","2019-07-15 02:55:15","2017-03-05 14:20:44","0","Apt 4603, 3573 Cooper Estates, AK 47209","Apt 4603, 3573 Cooper Estates, AK 47209","1QFEJC","0","0","1","0","0","0"
"Erica Walters","UXJ7M4","treats: 76","2017-03-24 22:34:21","2021-02-05 07:36:19","1","Apt 5203, 92303 Julie Hill Suite 093, FL 25010","Apt 5203, 92303 Julie Hill Suite 093, FL 25010","FDGXE1","0","1","0","0","0","1"
"Danielle Copeland","34UJUK","beds: 72","2020-07-22 15:39:03","2018-11-21 20:04:26","0","Apt 795, 942 Lloyd Summit, TX 16433","Apt 795, 942 Lloyd Summit, TX 16433","YKVYUD","0","1","0","1","1","0"
"Andrew Vasquez","N7BI3Z","beds: 41","2020-11-27 03:06:43","2020-04-25 12:37:52","0","Apt 8629, 5137 Walsh Pines Apt. 660, VA 42531","Apt 8629, 5137 Walsh Pines Apt. 660, VA 42531","Q4HZFR","1","1","0","1","1","1"
"Erica Carpenter","KYK9TJ","beds: 31","2016-05-30 02:25:07","2019-07-13 05:39:36","0","Apt 146, 6118 Wells Ville Suite 171, NM 56407","Apt 146, 6118 Wells Ville Suite 171, NM 56407","YRIYBU","1","0","1","0","0","0"
"Rodney Moss","OJKXV2","treats: 6","2016-05-27 08:50:56","2021-03-28 18:05:29","1","Apt 0223, 500 Butler Overpass Apt. 256, RI 61617","Apt 0223, 500 Butler Overpass Apt. 256, RI 61617","72DOTZ","1","1","1","0","1","0"
"Erica Carpenter","N3TPD8","toys: 71","2020-07-12 05:25:21","2016-11-22 12:23:59","0","Apt 527, 185 Lisa Common, NE 80132","Apt 527, 185 Lisa Common, NE 80132","ZK9E7C","0","1","0","1","0","0"
"Ryan Scott","ENNE1S","beds: 26","2016-04-23 15:34:31","2017-07-06 03:29:45","0","Apt 0925, 0759 Chambers Port, NH 54532","Apt 0925, 0759 Chambers Port, NH 54532","L5V0MM","1","1","0","1","0","0"
"Brittany Cunningham","BP3O1B","food: 56","2020-06-24 09:55:09","2017-09-25 08:49:47","0","Apt 6048, 4759 William Haven Apt. 194, ND 92929","Apt 6048, 4759 William Haven Apt. 194, ND 92929","GPO5XT","0","0","1","0","0","0"
"Kimberly Gonzalez","9IP4NY","treats: 23","2018-06-21 12:04:35","2022-02-15 10:50:21","1","Apt 5203, 92303 Julie Hill Suite 093, FL 25010","Apt 5203, 92303 Julie Hill Suite 093, FL 25010","YKVYUD","1","1","1","0","1","1"
"Alexandra Boyd","NK0VM8","food: 46","2017-03-23 07:16:48","2020-12-29 18:05:54","0","Apt 3513, 28711 Golden Overpass, ME 72756","Apt 3513, 28711 Golden Overpass, ME 72756","R40LCX","0","1","0","0","0","0"
"Cameron Allen","3O5OJK","food: 73","2016-10-23 04:55:45","2020-09-05 14:00:45","0","Apt 8647, 304 Albert Park Suite 067, NV 15983","Apt 8647, 304 Albert Park Suite 067, NV 15983","YHFOZG","0","1","1","0","1","1"
"Tonya Torres","UF5MCG","beds: 40","2017-04-23 08:12:05","2017-06-26 05:31:11","0","Apt 4256, 64887 Annette Crossing Suite 620, DC 82007","Apt 4256, 64887 Annette Crossing Suite 620, DC 82007","26USGH","0","0","0","0","1","1"
"Michelle Thomas DVM","FOUROR","treats: 23","2021-02-15 20:47:58","2016-03-18 20:21:16","0","Apt 605, 90443 Karen Heights, CT 57388","Apt 605, 90443 Karen Heights, CT 57388","F6OOH0","0","0","1","0","0","1"
"Rebekah Rhodes","T4B2C0","toys: 63","2016-04-06 18:44:55","2021-11-11 07:46:48","0","Apt 6409, 2790 Noble Corners, OR 53609","Apt 6409, 2790 Noble Corners, OR 53609","J266FO","0","0","0","0","1","0"
"Karen Vargas","IRKWRZ","food: 88","2020-01-04 18:46:20","2016-05-31 09:45:47","0","Apt 8629, 5137 Walsh Pines Apt. 660, VA 42531","Apt 8629, 5137 Walsh Pines Apt. 660, VA 42531","A0IE96","0","1","1","0","1","0"
"Erica Miller","1M2OXT","beds: 72","2020-12-04 15:08:02","2018-03-09 21:18:39","1","Apt 845, 0886 Henry Squares Suite 354, AZ 07389","Apt 845, 0886 Henry Squares Suite 354, AZ 07389","E3SOIU","1","1","1","0","0","0"
"Sheryl Hodges","6E9GL7","beds: 43","2020-02-08 13:20:19","2021-04-30 06:12:17","1","Apt 930, 248 Cook Park, KS 40190","Apt 930, 248 Cook Park, KS 40190","AYPIHX","0","0","0","0","1","1"
"Ashley Savage","ZPJAUF","food: 1","2016-12-15 04:53:53","2020-04-07 08:03:12","1","Apt 7173, 0140 Jonathan Pine Suite 714, LA 99489","Apt 7173, 0140 Jonathan Pine Suite 714, LA 99489","Q0UY8C","1","0","0","0","0","0"
"Sheila Hopkins","P68R2I","beds: 13","2021-03-01 07:16:23","2016-10-08 16:11:09","1","Apt 56246, 264 Frank Dale, NJ 92947","Apt 56246, 264 Frank Dale, NJ 92947","7O79PS","1","0","0","0","0","1"
"Robert Shepard","9FS4XZ","treats: 79","2020-10-18 21:07:27","2019-08-21 06:04:25","1","Apt 5420, 5744 White Common, ND 76634","Apt 5420, 5744 White Common, ND 76634","T4EUH2","0","1","1","0","1","0"
"Gloria Downs","9MQHRO","beds: 9","2017-10-08 00:56:56","2019-02-12 19:54:39","1","Apt 2296, 13306 Corey Point, LA 59292","Apt 2296, 13306 Corey Point, LA 59292","OFLH1Y","0","0","0","1","0","1"
"Virginia Clark","I0D501","toys: 62","2016-10-16 08:47:37","2019-06-13 05:53:07","0","Apt 5851, 9635 Valencia Drive, LA 26625","Apt 5851, 9635 Valencia Drive, LA 26625","IL1VSZ","0","1","1","1","1","1"
"Jennifer Conway","DTE6LJ","beds: 16","2016-05-07 15:13:56","2019-06-22 20:50:50","1","Apt 765, 69402 Joseph Junction, MN 94676","Apt 765, 69402 Joseph Junction, MN 94676","7QNQ06","1","1","0","0","0","1"
"Sheila Hopkins","OE4QN6","beds: 70","2021-02-14 15:15:40","2021-10-09 16:07:26","0","Apt 2566, 2852 Renee Mills, WY 51471","Apt 2566, 2852 Renee Mills, WY 51471","9PJQWV","1","0","1","0","0","1"
"Reginald Martin","Z6U8HY","treats: 84","2019-02-10 10:17:53","2018-06-08 13:11:53","0","Apt 0292, 95368 Anita Square Suite 187, HI 60125","Apt 0292, 95368 Anita Square Suite 187, HI 60125","L5V0MM","1","0","0","1","0","0"
"Karen Floyd","CMMPWH","toys: 67","2018-03-01 14:31:54","2019-12-11 05:36:35","1","Apt 765, 69402 Joseph Junction, MN 94676","Apt 765, 69402 Joseph Junction, MN 94676","WCN2W0","1","0","1","1","0","1"
"Karen Floyd","36YZW6","treats: 8","2018-09-10 01:18:05","2019-12-31 16:56:54","0","Apt 0925, 0759 Chambers Port, NH 54532","Apt 0925, 0759 Chambers Port, NH 54532","ANHE22","1","0","0","1","0","0"
"Sara Lopez","XH06SV","food: 24","2022-02-22 11:20:55","2022-01-10 20:24:34","0","Apt 088, 16419 Hall Stravenue Suite 331, ME 88928","Apt 088, 16419 Hall Stravenue Suite 331, ME 88928","YRIYBU","1","0","1","0","1","0"
"Dennis Mann","BIYQ9W","toys: 2","2020-03-09 05:38:11","2017-10-27 13:12:41","1","Apt 4603, 3573 Cooper Estates, AK 47209","Apt 4603, 3573 Cooper Estates, AK 47209","X7BCJX","0","0","0","1","1","1"
"Michele Hoffman","T9E4FA","food: 96","2021-01-14 16:21:46","2017-07-28 15:31:24","1","Apt 5420, 5744 White Common, ND 76634","Apt 5420, 5744 White Common, ND 76634","9FOD91","0","1","0","0","1","0"
"Richard Michael","1W8RSK","toys: 63","2021-09-04 21:49:09","2020-07-18 09:11:25","1","Apt 0704, 6660 Gomez Port, OK 93626","Apt 0704, 6660 Gomez Port, OK 93626","DKJOIJ","1","0","0","0","1","0"
"James Hill","QWEH3Q","toys: 34","2016-03-19 12:10:37","2016-02-14 11:50:38","0","Apt 179, 30413 Norton Isle Suite 012, UT 29176","Apt 179, 30413 Norton Isle Suite 012, UT 29176","A4OPRO","0","1","1","1","1","0"
"Nicole Christensen","H79QU9","toys: 62","2018-05-21 22:47:20","2019-09-12 22:10:39","1","Apt 1973, 132 Mclean Meadow Suite 446, WV 47184","Apt 1973, 132 Mclean Meadow Suite 446, WV 47184","AHO890","1","0","1","1","1","1"
"Angela Ibarra","U62OW1","food: 22","2021-08-02 10:19:42","2020-11-02 23:47:54","1","Apt 69611, 16207 Parks Burgs Suite 541, CA 16410","Apt 69611, 16207 Parks Burgs Suite 541, CA 16410","YKVYUD","0","0","1","0","1","1"
