"Michelle Miller","1","0","2017-10-25 21:25:09","beds: 439","9"
"Dave Taylor","0","0","2017-12-14 21:06:07","food: 887","1"
"Mitchell Young","0","1","2021-04-21 21:06:31","food: 192","5"
"Yolanda Williams","1","0","2021-05-15 14:57:04","toys: 77","2"
"Samantha Edwards","0","1","2018-10-06 18:15:24","treats: 862","9"
"Wesley Brandt","1","0","2020-02-25 20:49:30","toys: 525","9"
"Gary Choi Jr.","1","0","2018-05-26 18:46:41","toys: 590","2"
"Jessica Moyer","0","0","2018-02-22 19:31:06","beds: 717","2"
"Ryan Baldwin","0","0","2020-03-12 04:28:28","beds: 145","3"
"Joseph Good","0","1","2016-11-29 10:12:51","beds: 878","7"
"Mark James","1","1","2019-08-28 14:50:03","treats: 647","10"
"Jonathan Martinez","1","0","2020-12-12 03:56:18","beds: 636","8"
"James Walsh","0","1","2021-12-16 05:56:30","beds: 408","3"
"Donald Blackwell","0","1","2018-07-11 11:18:09","beds: 196","8"
"Angela Gibson","1","0","2017-05-05 07:59:07","toys: 340","7"
"Jonathan Walker","0","1","2020-06-19 21:28:10","beds: 2","9"
"Amanda Smith","1","0","2018-03-31 15:51:19","toys: 435","9"
"Margaret Moreno","0","1","2016-09-10 08:52:44","toys: 699","3"
"Sandra Cruz","1","1","2018-07-01 19:58:02","food: 206","4"
"Rebecca Mason","0","1","2018-12-06 02:09:27","food: 127","5"
"Lisa Carlson","0","0","2021-08-14 03:57:48","toys: 602","6"
"Jessica Moyer","0","1","2021-01-12 16:05:34","toys: 591","10"
"Sarah Hernandez","0","0","2019-12-19 19:33:00","treats: 269","9"
"John Rodriguez","1","1","2021-02-22 18:17:49","toys: 210","8"
"Laura Martinez","0","0","2016-10-26 22:15:51","beds: 18","7"
"Jodi Jackson","0","0","2021-10-09 15:39:23","beds: 816","8"
"Mr. Aaron Wilson","0","0","2019-04-18 21:19:10","treats: 921","3"
"Todd Beasley","0","1","2021-02-25 02:22:13","toys: 588","10"
"William Williams","0","0","2016-04-14 00:41:49","toys: 324","4"
"Holly Stone","1","0","2021-07-30 07:00:15","food: 440","6"
"Gregory Watkins","1","1","2022-03-04 21:28:51","food: 694","7"
"Richard Smith","1","1","2021-10-15 00:52:58","beds: 200","5"
"Angela Yu","0","1","2017-12-17 15:45:35","beds: 476","5"
"Daniel Moore","0","1","2022-03-09 18:57:27","treats: 523","3"
"George Diaz","1","1","2019-09-24 01:47:59","beds: 899","8"
"Shari Reed","1","0","2020-03-15 14:33:25","treats: 630","1"
"Kathy Mcguire","1","1","2019-05-08 14:11:36","food: 547","4"
"Michael Lambert","0","1","2016-04-06 19:56:09","treats: 473","9"
"Benjamin Nguyen","0","0","2017-03-07 20:00:06","toys: 194","5"
"Ashley Newman","1","0","2018-04-19 08:28:58","toys: 135","4"
"Kenneth Stevens","0","0","2016-08-24 17:52:05","treats: 696","8"
"Karen Davis","1","1","2022-04-11 16:27:21","treats: 486","7"
"Mr. Joshua Walker","1","0","2019-08-01 06:44:22","toys: 868","5"
"Julie Harrison","0","1","2016-01-06 09:36:22","treats: 366","7"
"Jeremiah Alexander","1","0","2017-02-19 23:17:12","toys: 920","10"
"Christine Schneider","0","1","2018-05-24 03:06:05","treats: 809","4"
"Daniel Shepherd","1","1","2018-07-20 13:30:06","toys: 824","6"
"Alicia Sanders","1","1","2020-01-18 19:37:40","treats: 779","4"
"Lisa Johnson","1","0","2018-03-21 21:01:51","beds: 258","8"
"Jessica Welch","1","1","2016-05-23 18:11:07","beds: 325","8"
"Keith Moore","1","1","2019-06-29 00:05:08","beds: 439","6"
"Sarah Villanueva","1","0","2017-02-21 11:05:56","toys: 215","8"
"Charles Palmer","0","0","2019-07-13 05:16:53","beds: 981","4"
"Joseph Smith","0","0","2020-10-11 17:42:52","beds: 345","3"
"Christopher Cooper","1","1","2021-02-11 21:53:39","beds: 528","5"
"Amber Hall","0","0","2019-08-24 23:29:44","treats: 398","6"
"Isabella Harris","0","1","2019-06-23 21:49:56","toys: 225","6"
"Ashley Blair","1","0","2019-07-10 08:30:48","toys: 459","8"
"Nicholas Shaffer","0","1","2020-03-01 16:23:54","food: 438","5"
"Stephen Thomas","1","1","2017-03-17 18:53:03","beds: 85","10"
"Michael Hall","0","1","2020-06-14 18:36:08","toys: 16","1"
"Rachael Ramsey","0","0","2016-03-11 02:03:25","food: 44","10"
"Tasha Farmer","0","0","2020-01-29 11:31:49","treats: 768","8"
"Jessica Kim","1","0","2021-11-10 20:04:48","treats: 830","10"
"Nicholas Franklin","0","0","2017-09-19 12:46:52","treats: 543","7"
"Tracy Jones","1","0","2018-12-30 08:38:49","treats: 172","4"
"Nicholas Franklin","1","1","2022-03-30 19:11:55","treats: 635","10"
"Todd Schultz","0","0","2020-04-01 09:15:34","treats: 366","9"
"Judy Wood","0","1","2018-03-23 10:13:02","toys: 271","5"
"Eric Jacobs","1","1","2016-10-20 19:37:20","toys: 19","6"
"Nathan Mckenzie","0","0","2017-10-29 12:17:14","toys: 669","1"
"Jason Barrera","0","0","2021-07-02 14:16:11","treats: 509","4"
"Kenneth Bell","1","0","2017-06-26 11:15:36","treats: 696","10"
"Jaime Parrish","1","1","2017-12-16 22:03:26","treats: 479","1"
"Corey Cooper","1","0","2019-10-31 14:46:49","food: 964","6"
"Sarah Hernandez","0","1","2021-05-27 08:27:25","treats: 125","5"
"Anthony Osborne","0","0","2016-06-14 23:02:06","toys: 791","10"
"Margaret Moreno","1","0","2017-06-25 03:13:21","food: 293","4"
"Joshua Berg","1","0","2020-03-05 16:19:50","toys: 99","5"
"Scott Mason","1","1","2021-04-24 06:01:18","food: 490","6"
"Mr. Jeffrey Freeman","1","1","2019-05-07 00:24:10","toys: 485","5"
"Lindsey Jensen","0","0","2018-05-14 00:58:40","food: 7","10"
"Donna Hill","0","1","2018-10-30 06:32:06","food: 127","2"
"Kelly Fleming","1","0","2016-02-06 16:48:21","treats: 298","1"
"William Sexton","1","0","2020-06-05 12:54:01","treats: 843","2"
"Virginia Barnes","1","1","2016-07-28 06:26:15","toys: 377","8"
"Raymond Stanley","0","0","2021-03-19 04:50:43","beds: 662","5"
"Natalie Jarvis","0","1","2019-01-19 15:29:57","treats: 567","1"
"Matthew Taylor","0","1","2017-08-15 19:08:08","treats: 411","3"
"Brent Reese","1","0","2020-03-01 20:53:38","treats: 862","10"
"Jenny White","0","1","2017-05-06 06:39:41","food: 244","3"
"Stacey Rogers","1","0","2021-12-20 20:03:15","treats: 146","3"
"Mrs. Jennifer Baker","0","1","2019-02-08 20:49:15","beds: 538","10"
"Steven Young","1","1","2017-06-26 10:02:10","treats: 933","10"
"Mark Garrett","0","0","2019-05-03 02:09:58","food: 993","9"
"Angel Murphy","1","1","2020-07-13 11:54:37","toys: 313","7"
"Breanna Anderson","0","0","2019-01-03 08:00:41","toys: 939","8"
"Jason Mora","0","1","2016-02-14 12:37:19","food: 570","7"
"Andrew Pratt","0","1","2019-09-09 21:06:12","toys: 654","7"
"Erica Brown","0","0","2021-02-07 07:09:35","food: 622","4"
"James Walsh","0","0","2022-01-08 17:08:03","food: 277","1"
"Donna Johnson","0","0","2022-02-26 02:07:15","beds: 18","6"
"Joseph Smith","0","0","2021-08-31 23:41:57","beds: 648","3"
"Fred Thompson","0","1","2020-11-09 14:37:06","beds: 388","5"
"Allison Miller","1","0","2016-10-21 06:25:50","toys: 359","9"
"Richard Green","1","0","2019-05-01 01:08:00","toys: 913","8"
"Courtney Weber","0","1","2021-09-10 05:37:15","toys: 342","6"
"Alexis Cooper","1","1","2018-08-14 19:17:04","toys: 928","5"
"Elizabeth Webb","1","1","2019-10-28 05:46:59","treats: 326","10"
"Joseph Hoffman","1","0","2020-10-29 10:19:48","beds: 432","3"
"Andrew Pitts","1","1","2017-07-19 02:59:00","treats: 90","10"
"Michele Stone","1","1","2016-10-15 03:15:06","beds: 674","2"
"Rachel Ryan","0","1","2016-02-09 01:59:37","food: 458","10"
"Mark Oneal","1","0","2016-08-26 04:13:43","food: 980","7"
"Yvonne Hawkins","1","1","2020-08-03 13:10:26","treats: 66","10"
"Jill Alvarez","0","1","2020-06-14 21:30:08","treats: 860","4"
"Todd Beasley","0","1","2018-10-06 22:14:05","food: 570","8"
"Angel Wells","0","1","2018-10-18 07:40:01","beds: 124","4"
"Tammie Larson","1","0","2016-10-21 08:46:16","treats: 734","4"
"Kathleen Smith","0","0","2018-11-29 01:30:32","food: 622","10"
"Antonio Moore","1","0","2020-12-07 23:32:28","toys: 769","4"
"Holly Stone","1","1","2019-03-01 15:12:04","beds: 686","8"
"Amy Watkins","0","0","2017-09-02 12:39:10","treats: 405","7"
"Steven Young","1","1","2018-09-09 15:55:12","food: 831","3"
"Rachel Ryan","0","1","2020-04-01 23:26:34","beds: 990","3"
"Marvin Ward","1","0","2021-11-27 18:27:26","treats: 318","8"
"Timothy Gould","0","1","2019-10-11 15:11:20","beds: 460","10"
"Patrick Garcia","0","0","2016-09-01 20:59:55","treats: 628","1"
"Caleb Johnson","1","1","2020-08-29 23:14:04","toys: 313","4"
"Eric Haney","1","1","2022-01-22 01:27:56","toys: 282","3"
"Brandon Martinez","1","0","2019-05-21 00:34:42","toys: 772","6"
"Katherine Hughes","1","1","2018-01-03 00:21:03","toys: 775","10"
"Gerald Marshall","0","0","2019-02-01 21:00:42","toys: 532","5"
"Robert Brewer","0","0","2020-02-01 15:27:39","toys: 485","2"
"Linda Patterson","1","0","2018-04-05 00:57:55","toys: 110","10"
"Sierra Reynolds","0","1","2018-11-23 12:14:45","toys: 688","4"
"Calvin Rodgers","1","0","2019-10-29 23:02:40","beds: 390","5"
"Robert Ware","0","0","2019-10-11 09:11:31","toys: 709","6"
"Daniel Shepherd","1","1","2018-01-26 01:31:53","beds: 246","5"
"Jason Mora","1","1","2020-03-22 21:02:13","toys: 141","6"
"Donna Johnson","0","0","2018-05-05 07:58:20","beds: 658","10"
"Katherine Hughes","1","0","2019-05-04 16:31:03","treats: 647","5"
"Colleen Decker","1","1","2016-12-09 16:47:01","treats: 684","8"
"Robert Wright","1","0","2018-02-07 11:41:52","treats: 820","6"
"Emily Watts","1","1","2021-08-12 02:41:48","toys: 247","7"
"Ashley Baker","1","0","2016-05-04 00:19:23","toys: 500","10"
"Veronica Lucero","1","0","2019-06-22 09:40:30","toys: 691","7"
"Robert Wright","0","0","2016-12-30 00:31:11","toys: 516","5"
"Robert Jackson","0","1","2017-02-01 16:33:30","treats: 169","8"
"Kyle Taylor","1","1","2018-12-11 22:01:07","food: 697","9"
"Michelle Soto","0","0","2019-06-10 02:11:30","toys: 992","5"
"Daniel King","0","0","2016-05-26 11:30:24","toys: 531","6"
"Natalie Miller","0","1","2016-04-11 18:09:22","beds: 878","5"
"Sara Gutierrez","0","1","2017-11-30 02:12:51","food: 574","9"
"Natasha Taylor","1","0","2021-11-10 21:41:29","toys: 104","3"
"Matthew Wilson","0","0","2017-10-02 09:47:18","food: 231","5"
"Heather Spencer","0","0","2017-12-25 20:35:27","treats: 260","6"
"Scott Morgan","1","0","2016-03-15 23:08:20","food: 886","4"
"Jason Mora","1","1","2019-10-25 01:43:32","beds: 119","6"
"Christina Moore MD","1","1","2021-05-09 20:10:34","treats: 479","7"
"Anna Barry","1","1","2021-08-05 02:02:54","beds: 717","3"
"Donald Blackwell","0","1","2020-07-09 07:46:50","toys: 937","2"
"Julia Jackson","0","0","2020-08-29 00:29:23","beds: 631","8"
"Michelle Bell","0","0","2020-02-21 12:24:25","food: 893","1"
"Sean Curtis","1","1","2017-02-02 18:44:10","treats: 544","6"
"Mr. Joshua Walker","1","1","2020-01-18 16:08:14","treats: 146","5"
"Kevin Burgess","1","1","2019-02-14 07:25:08","food: 106","4"
"William Garza","0","1","2019-10-30 23:22:04","toys: 769","6"
"Melissa Woods","0","1","2016-07-05 09:06:05","treats: 496","1"
"Brian Bird","1","1","2020-02-12 10:36:29","food: 267","9"
"Carla Dillon","0","0","2017-06-10 09:11:48","toys: 539","9"
"Mr. Jeffrey Freeman","0","1","2021-06-12 04:51:31","beds: 837","2"
"Jenna Liu DDS","1","0","2020-03-01 08:50:22","toys: 182","3"
"Stephanie Hicks","1","0","2020-04-11 17:12:03","treats: 112","10"
"Mr. David Martinez","0","0","2021-07-31 20:57:19","beds: 429","9"
"Kevin Schneider","0","1","2021-03-10 09:55:48","treats: 168","9"
"Collin Sweeney","1","0","2017-10-10 06:42:25","toys: 271","5"
"Mitchell Kim","0","1","2020-04-29 09:25:16","beds: 53","2"
"Eric Jacobs","0","1","2021-08-20 04:27:19","toys: 625","10"
"Robin Baker","0","1","2016-04-29 09:31:46","treats: 0","4"
"Susan Fisher","1","1","2018-11-13 08:13:03","food: 490","7"
"Virginia Barnes","1","1","2020-03-27 04:36:59","toys: 394","6"
"Michelle Tran","1","1","2017-09-11 01:34:47","toys: 594","4"
"Lisa Carlson","0","1","2019-10-26 19:56:38","toys: 926","1"
"Julie Butler","0","1","2020-06-06 16:39:26","food: 118","2"
"William Barry","1","1","2017-07-11 06:21:17","toys: 616","9"
"Michael Watson","1","1","2022-02-14 19:59:45","food: 12","4"
"Kayla Hood","1","0","2019-11-13 08:18:29","food: 994","8"
"Matthew Velasquez","1","1","2018-10-20 14:11:40","toys: 979","10"
"Michelle Jones","0","1","2018-08-17 11:21:31","beds: 228","4"
"Timothy Clark","0","0","2019-12-27 14:47:56","food: 71","7"
"Jessica Welch","1","1","2018-08-28 04:03:53","beds: 952","4"
"John Schmidt","0","0","2020-12-27 07:09:36","food: 941","2"
"Juan Perry","0","1","2019-01-24 05:38:01","toys: 351","7"
"Nathan Davis","0","0","2019-03-06 09:23:48","beds: 528","2"
"Lisa Davis","1","1","2019-03-10 23:03:30","treats: 685","9"
"Benjamin Tate","1","1","2016-03-16 23:49:53","toys: 548","9"
"Lisa Carlson","0","0","2020-05-22 18:58:08","treats: 90","2"
"Jonathan Martinez","0","0","2018-11-06 23:52:43","beds: 36","5"
"Scott Lam","0","1","2017-12-05 23:09:22","treats: 513","7"
"Scott Lambert","0","1","2020-05-21 23:47:49","food: 46","6"
"Mrs. Kimberly Hodge MD","1","1","2017-08-06 11:14:20","beds: 327","3"
"Kyle Hoffman","1","1","2019-09-18 09:50:25","treats: 579","8"
"William Blevins","0","1","2016-09-08 10:11:35","toys: 275","7"
"Carolyn Mack","0","0","2016-01-07 02:21:16","beds: 301","4"
"Nicholas Smith","1","1","2016-12-18 06:20:22","food: 578","10"
"Sharon Fox","1","1","2019-07-27 02:49:49","food: 43","9"
"Elizabeth Bonilla","0","1","2020-07-23 02:22:04","beds: 295","2"
"Paul Kim","1","0","2018-03-20 23:13:25","beds: 119","3"
"Christian Austin","0","1","2019-09-07 10:35:55","treats: 299","5"
"Joshua Hill","0","0","2020-11-26 08:57:24","beds: 484","10"
"Raymond Stanley","1","0","2020-12-15 05:39:26","toys: 516","1"
"Jeremiah Alexander","0","1","2019-09-11 08:19:48","beds: 648","2"
"Melissa Matthews","1","1","2017-03-04 10:36:50","beds: 211","3"
"Melissa Pollard","1","1","2021-07-28 08:00:05","beds: 124","1"
"Donna Hill","0","1","2017-03-11 21:25:14","beds: 880","9"
"Sharon Fox","1","0","2019-10-14 15:18:50","beds: 613","1"
"Angel Wells","1","1","2016-02-10 22:38:52","food: 410","1"
"Abigail Hernandez","0","0","2019-06-19 15:23:01","treats: 326","1"
"Anthony Nelson","1","0","2018-03-27 03:04:09","food: 697","5"
"Paul Higgins","1","0","2016-09-28 18:54:02","toys: 494","4"
"James Paul","1","0","2020-10-31 06:45:47","beds: 41","9"
"Anna Barry","0","1","2017-06-09 22:23:10","treats: 923","1"
"Kathy Mcguire","0","0","2020-05-08 23:44:58","beds: 931","9"
"Bobby Riley PhD","1","1","2020-04-20 01:59:09","food: 63","4"
"Wesley Johnston","1","1","2016-05-02 20:59:36","beds: 806","1"
"Dana Johnson","1","1","2020-04-12 15:53:39","beds: 18","6"
"Gabriel Gonzalez","0","1","2021-07-05 11:48:29","food: 898","1"
"Lauren Porter","1","1","2016-04-13 17:55:59","beds: 89","1"
"Tina Rodriguez","0","0","2021-10-04 11:18:53","beds: 736","6"
"Walter Houston","0","1","2021-05-15 07:20:50","treats: 172","4"
"Michael Calderon","1","0","2017-10-14 17:29:02","toys: 548","8"
"Jessica Welch","1","0","2018-09-26 04:44:20","treats: 635","7"
"Matthew Cole","1","1","2017-12-20 01:42:35","toys: 404","3"
"John Schmidt","1","1","2020-10-02 16:51:31","treats: 666","7"
"Gregory Dixon","1","1","2018-03-09 08:43:28","food: 997","4"
"Robert Cross","1","1","2016-11-10 02:31:57","beds: 476","2"
"Michelle Christian","1","1","2020-03-04 04:22:40","toys: 93","1"
"Joseph Hoffman","0","1","2019-02-26 04:44:56","food: 244","2"
"Jaime Parrish","1","0","2016-01-26 23:31:16","toys: 107","5"
"Tammie Larson","1","1","2021-07-16 15:29:29","beds: 915","3"
"Matthew Cantrell","0","0","2016-05-01 08:33:19","food: 916","4"
"Garrett Wolfe","1","0","2019-05-23 19:14:07","treats: 580","3"
"Laurie Williams","1","1","2019-12-25 13:43:17","toys: 525","2"
"Isaac Thomas","1","0","2021-08-18 07:47:57","toys: 688","9"
"Adam Robles","1","0","2020-01-04 23:27:47","beds: 301","10"
"Rachel Davis","1","0","2020-03-24 07:12:02","toys: 308","3"
"Amy Cohen","0","0","2019-11-11 02:55:10","food: 97","4"
"Benjamin Daniel","0","0","2018-05-04 21:03:35","food: 788","6"
"Amy Carroll","1","0","2020-01-21 06:01:16","food: 877","2"
"Brian Warner","0","1","2019-06-13 13:50:18","treats: 551","2"
"Tammy Myers","1","0","2020-07-19 18:50:20","beds: 338","3"
"Paige Acosta","1","1","2017-09-29 17:17:00","food: 213","9"
"Jerry Francis","0","1","2016-01-05 21:36:42","toys: 77","9"
"David Campbell","0","0","2019-12-14 06:36:26","toys: 733","3"
"Rachel Patrick","1","1","2020-05-31 14:49:38","beds: 593","5"
"Jeffrey Gomez","0","0","2017-11-24 17:32:36","toys: 180","5"
"Christopher Howe","1","0","2016-01-03 20:32:45","beds: 205","7"
"Deanna Rodriguez","0","1","2021-12-10 22:42:38","beds: 94","5"
"Jamie Gray","1","1","2017-11-26 10:47:04","food: 312","5"
"Michelle Jones","1","0","2022-01-16 00:01:02","treats: 765","9"
"Kathleen Hess","0","1","2017-07-30 19:36:35","treats: 696","8"
"Debbie Adams","1","0","2016-06-08 17:02:27","toys: 999","8"
"Sharon Burgess","1","1","2018-06-22 10:18:37","toys: 457","6"
"Dr. Gina Davis","1","1","2016-10-15 16:35:53","beds: 81","2"
"Sharon Burgess","1","1","2021-08-21 14:24:15","food: 33","4"
"Michael Cruz","0","0","2020-12-14 17:19:09","toys: 729","9"
"Michelle Jackson","1","1","2018-07-21 14:49:15","beds: 396","8"
"Sarah Dougherty","0","1","2022-03-10 19:01:46","treats: 311","10"
"Kristin Rodriguez","1","0","2021-04-07 06:33:56","food: 71","5"
"Andrew Pratt","0","1","2016-06-17 06:08:46","toys: 201","6"
"Adam Robles","1","0","2017-01-19 00:09:09","treats: 98","1"
"Douglas Coleman","1","1","2020-01-09 08:05:26","treats: 563","7"
"Philip Wagner MD","1","1","2018-09-17 13:38:05","food: 542","3"
"Rachel Novak MD","0","0","2020-12-19 13:59:54","beds: 325","1"
"Gabrielle Daniels","1","1","2017-02-20 03:53:14","food: 254","1"
"Jennifer Anderson","1","0","2016-10-05 14:21:07","food: 877","5"
"Miss Stephanie Moran","0","0","2018-09-05 07:06:38","beds: 717","2"
"Jesse Clark","1","0","2018-03-16 02:05:02","treats: 203","9"
"Wendy Decker","0","1","2017-03-23 13:48:05","food: 241","4"
"Ariana Andrade","1","0","2018-03-29 17:01:41","treats: 559","2"
"Amy Williams","1","1","2020-10-13 15:41:39","food: 224","9"
"Brittney Baker","0","1","2019-06-16 20:57:58","toys: 288","2"
"Laura Kelly","0","0","2017-03-12 08:39:58","treats: 830","10"
"Donna Hurley","1","1","2016-04-21 11:02:52","food: 356","5"
"Aaron Curry","1","1","2021-11-16 09:25:37","toys: 114","9"
"Marisa Perez","0","1","2018-09-15 07:02:17","beds: 253","2"
"Jamie Walters","0","1","2018-03-26 20:41:32","food: 941","3"
"Ronnie Olson","1","1","2016-02-20 01:31:20","treats: 334","1"
"Karen Schneider","0","0","2019-12-21 06:18:40","toys: 669","9"
"Brian Warner","0","1","2016-11-14 06:26:29","treats: 575","5"
"Bonnie Johnson","0","0","2016-05-31 02:20:07","toys: 869","10"
"Jonathan Taylor","0","1","2021-01-26 00:24:43","toys: 881","5"
"Nicholas Franklin","0","1","2019-02-16 08:19:41","food: 461","8"
"Robert Willis","0","0","2019-07-25 11:24:02","treats: 323","4"
"Steven Wilson","0","0","2018-08-12 22:59:18","treats: 739","3"
"Mark Mays","1","0","2019-05-03 12:35:56","treats: 718","1"
"Heidi Shelton","0","0","2019-06-12 10:40:00","beds: 120","10"
"Nicholas Nichols","0","1","2020-06-14 18:19:34","beds: 150","9"
"Melissa Brown","0","0","2019-11-30 01:20:24","beds: 629","5"
"Timothy French","0","1","2021-08-03 04:48:30","beds: 816","1"
"Shannon Moore","0","0","2021-11-14 05:00:20","treats: 764","6"
"Kelly Ryan","1","0","2020-05-30 13:07:25","treats: 563","7"
"Angel Conway","0","0","2020-09-30 13:05:04","toys: 857","4"
"Thomas Ward","1","0","2019-12-20 10:52:13","beds: 372","9"
"Breanna Anderson","0","0","2021-10-20 19:49:59","food: 283","7"
"Breanna Anderson","1","0","2018-12-26 13:21:31","food: 316","6"
"Amber Martinez","1","1","2018-11-22 00:06:01","toys: 672","6"
"Gloria Carlson","1","0","2021-05-23 02:25:52","food: 498","8"
"Patrick Jones","0","1","2020-06-10 06:07:54","treats: 199","2"
"Andrew Russell","1","1","2019-12-31 12:38:55","beds: 429","10"
"Sean Mcintosh","0","1","2021-04-02 07:10:55","toys: 699","3"
"Marcus Pena","1","0","2016-10-06 02:14:57","treats: 983","5"
"Tammy Garrett","1","0","2021-03-25 04:54:14","treats: 334","3"
"Cameron Sherman","1","1","2021-02-02 23:19:10","beds: 614","4"
"Mr. Timothy Foster","1","1","2018-03-14 14:31:39","treats: 739","6"
"Yvonne Hawkins","0","0","2018-01-22 02:48:25","treats: 834","8"
"Jesse Clark","1","1","2021-05-22 03:48:25","treats: 848","2"
"Chad Stewart","1","1","2016-06-02 04:36:38","food: 427","5"
"Steven Hopkins","0","1","2017-04-11 23:59:14","toys: 699","2"
"Kathleen Walters","0","0","2017-07-02 15:40:46","beds: 870","5"
"David Anthony","0","0","2020-01-24 20:29:54","treats: 189","7"
"Kevin Crawford","0","0","2017-02-20 01:19:02","toys: 201","2"
"James Bradford","0","0","2016-01-31 02:25:38","beds: 89","4"
"John Schmidt","0","0","2019-06-04 01:43:29","food: 527","6"
"Elizabeth Bonilla","0","0","2019-05-08 07:19:47","toys: 712","9"
"Daniel Martinez","1","1","2018-02-21 00:02:56","food: 787","7"
"Eric Abbott DDS","1","0","2020-02-16 22:17:55","beds: 880","8"
"Brent Reese","0","0","2021-12-03 23:44:36","toys: 987","1"
"Andrew Lindsey","0","1","2016-05-15 00:27:32","toys: 324","1"
"Christina Mosley","0","0","2017-03-08 16:46:07","treats: 604","1"
"Jacqueline Ibarra","0","1","2016-12-12 12:17:40","treats: 208","5"
"Breanna Williams","1","0","2016-03-02 00:56:06","beds: 505","8"
"Angela Ortega","0","0","2017-06-07 22:06:16","treats: 546","10"
"Dr. Amanda Moreno","0","0","2016-04-13 03:42:58","food: 700","5"
"Michael Bowers","0","0","2018-10-20 21:20:22","treats: 747","8"
"Maria Chavez DDS","1","0","2020-11-15 21:12:07","toys: 271","3"
"Mr. David Keller","0","1","2017-01-24 03:56:56","toys: 336","3"
"Daniel Shepherd","0","0","2021-10-24 17:14:17","food: 740","9"
"Taylor Roberts","0","1","2017-01-13 09:36:20","toys: 756","10"
"Andrew Mcdaniel","1","1","2019-08-07 02:03:24","food: 557","4"
"Kerry Adams","1","1","2016-07-25 11:33:14","toys: 248","9"
"Erika Zimmerman","1","0","2017-04-12 13:00:07","beds: 418","3"
"Christy Cook","0","1","2018-02-20 08:36:21","treats: 115","8"
"Calvin Powers","1","1","2022-01-06 08:39:09","treats: 331","6"
"Michelle Ramsey","0","0","2019-10-31 17:56:40","treats: 411","6"
"Kathy Mcguire","0","1","2021-11-05 09:31:32","beds: 338","2"
"Matthew Cantrell","1","0","2020-04-18 00:42:01","beds: 641","7"
"Jay Melton","1","1","2020-06-27 10:51:20","treats: 318","3"
"Lori Livingston","0","0","2017-05-06 06:17:02","treats: 518","7"
"Annette Brown","0","1","2018-01-03 18:08:01","toys: 302","3"
"Andrew Kane","1","0","2021-05-07 09:59:55","toys: 286","6"
"Daniel Moore","0","1","2018-12-15 10:58:37","toys: 194","5"
"Lauren Thomas","0","1","2021-05-18 18:55:38","beds: 279","1"
"Lisa Moore","1","0","2021-04-05 01:41:32","toys: 906","10"
"Steven Turner","0","1","2016-04-03 05:39:05","beds: 922","6"
"Kelli Powell","1","0","2018-07-14 16:26:39","treats: 584","8"
"Tyler Sims","1","0","2021-09-17 14:42:15","food: 421","3"
"Collin Sweeney","1","1","2017-03-28 07:14:08","toys: 492","1"
"Joseph Henderson","0","1","2017-09-04 21:03:17","treats: 598","6"
"Ryan Smith","1","0","2016-10-24 00:28:36","treats: 368","3"
"Sarah Harrison","1","1","2018-06-06 04:17:50","toys: 913","10"
"Gabriel Gonzalez","0","1","2019-12-14 05:38:53","treats: 581","8"
"Scott Williams","1","0","2018-10-12 12:50:50","beds: 658","6"
"Gabrielle Daniels","1","1","2016-09-26 21:30:41","beds: 784","2"
"Rachel Patrick","0","0","2021-01-29 00:28:41","toys: 133","2"
"Michelle Jones","1","0","2017-11-07 04:02:49","toys: 978","7"
"Michael Mullins","1","0","2016-06-24 11:54:46","toys: 545","4"
"Jeremiah Alexander","0","0","2021-07-22 22:01:02","food: 127","1"
"John Rodriguez","1","0","2019-12-03 19:37:11","food: 166","6"
"Abigail Mcmahon","1","1","2019-10-25 01:51:03","beds: 69","2"
"Joseph Brown","0","0","2020-09-26 15:09:26","food: 980","1"
"Linda Patterson","0","0","2021-09-30 22:37:07","beds: 195","3"
"Laura Baird","1","0","2021-08-05 12:38:40","toys: 230","10"
"Eric Haney","1","0","2019-02-25 10:51:56","food: 578","5"
"Jose Mays","1","1","2020-07-07 05:11:07","toys: 900","8"
"Alison Patterson","0","0","2020-02-22 02:11:26","treats: 671","2"
"Edward Reed","0","0","2017-11-03 00:03:49","beds: 514","7"
"Jon Hull","0","0","2020-05-24 14:59:59","food: 966","8"
"Rachel Miller","1","0","2017-11-27 04:05:10","toys: 19","10"
"Michael Flores","1","0","2019-02-21 12:40:21","beds: 185","8"
"Heidi Shelton","0","1","2020-08-27 22:42:32","treats: 676","1"
"Shelley Horton DVM","1","1","2019-10-03 20:13:03","food: 262","5"
"Laura Jones","1","0","2017-08-06 05:48:14","toys: 885","1"
"Kim Davenport","1","0","2017-06-11 22:38:03","toys: 497","4"
"Emily Watts","1","1","2021-09-06 02:24:01","toys: 422","10"
"Gerald Marshall","0","0","2018-09-25 18:59:46","treats: 584","7"
"Dustin Morton","1","0","2022-01-16 19:38:03","toys: 977","5"
"Amanda Smith","1","1","2019-02-16 18:40:05","beds: 284","6"
"Kelly Schmitt","0","1","2017-01-28 19:32:36","beds: 145","1"
"Cindy Ramos","1","1","2017-06-07 10:26:06","beds: 614","6"
"Edgar Bell","1","0","2019-11-19 11:30:52","food: 568","3"
"Mrs. Kathryn Howard","1","1","2019-06-23 07:26:00","toys: 423","10"
"Kristen Stephens","0","1","2021-02-18 02:46:09","beds: 599","10"
"Erica Brown","0","1","2021-07-31 04:15:23","toys: 891","3"
"Michelle Soto","1","0","2020-05-13 19:23:37","treats: 596","6"
"Mary Harris","0","1","2021-04-09 20:12:43","beds: 842","9"
"Timothy Lopez","1","0","2019-11-08 22:33:54","toys: 660","1"
"Nicholas Warren","0","1","2016-03-27 14:01:10","beds: 94","3"
"Sandra Martinez","1","1","2020-12-19 07:23:10","food: 58","3"
"Lindsey Jensen","0","1","2016-07-20 07:43:10","toys: 309","5"
"Jodi Fox DDS","0","1","2020-06-17 04:17:27","treats: 847","3"
"Daniel King","1","0","2019-05-02 10:59:28","food: 650","2"
"Andrew Rodriguez","1","0","2019-06-07 16:01:55","beds: 556","1"
"Joseph Gibbs","1","0","2017-09-20 06:38:23","toys: 709","2"
"Penny Munoz","0","1","2021-05-20 02:20:08","toys: 230","4"
"Adam Bell","0","1","2016-03-22 15:56:13","toys: 532","7"
"Kelly Tucker","1","0","2019-11-06 10:21:09","food: 12","10"
"Stacey Mccullough","0","1","2022-02-22 10:33:49","toys: 660","7"
"Matthew Byrd","1","0","2020-02-10 16:55:30","treats: 100","10"
"Robert Hernandez","0","1","2018-03-04 00:56:07","treats: 836","9"
"David Black","0","1","2019-12-15 02:31:04","toys: 422","3"
"Stephanie Hicks","1","0","2020-08-06 07:59:58","treats: 746","8"
"Julia Becker","1","1","2020-03-30 16:01:17","food: 361","9"
"Richard Smith","1","1","2020-05-12 13:55:01","beds: 967","2"
"Annette Brown","1","1","2021-09-21 03:56:02","food: 56","10"
"Colleen Decker","1","0","2019-02-03 12:48:11","treats: 318","5"
"Cindy Ramos","0","0","2021-09-06 10:07:30","treats: 562","1"
"Peter Lewis","0","0","2017-10-03 01:05:30","toys: 182","2"
"Susan Barber","1","1","2021-11-04 13:12:07","food: 694","3"
"Heather Spencer","0","0","2020-12-22 14:25:02","treats: 580","7"
"John Butler","0","0","2022-03-09 00:54:11","toys: 999","4"
"Amy Glass","0","0","2016-09-22 03:32:36","treats: 884","4"
"Daniel Sexton","1","0","2017-03-25 14:27:19","toys: 721","5"
"Linda Walker","0","1","2018-10-27 14:29:19","toys: 689","6"
"Catherine Taylor","0","1","2016-05-20 07:15:45","toys: 525","1"
"Brittany Stokes","1","0","2017-11-30 09:33:46","food: 329","8"
"Linda Williams","0","1","2019-05-13 17:05:42","toys: 104","4"
"Helen Shea","0","1","2018-05-19 14:30:41","treats: 734","3"
"Dawn Perez","1","0","2020-08-21 04:13:09","food: 896","1"
"Juan Perry","1","0","2019-08-08 03:28:16","food: 276","4"
"Cameron Sherman","0","0","2019-01-02 23:57:50","treats: 834","8"
"Jodi Jackson","1","0","2021-04-04 21:01:29","toys: 133","6"
"Mrs. Jennifer Baker","1","1","2020-12-01 15:27:00","treats: 190","9"
"Kelly Schmitt","1","1","2020-06-16 02:47:08","beds: 822","5"
"Robert Wood","1","1","2018-06-23 14:27:51","beds: 69","8"
"Juan Gibson","0","1","2016-07-05 06:53:45","toys: 656","4"
"Timothy Clark","1","0","2018-06-11 13:19:33","treats: 384","5"
"Erin Burns","0","1","2018-04-13 09:01:16","beds: 185","10"
"Mary Evans","1","0","2020-06-17 04:59:04","beds: 717","5"
"Natalie Maldonado","1","0","2016-02-25 06:46:44","treats: 98","4"
"Angela Gardner","0","1","2021-08-20 00:57:25","beds: 553","8"
"Linda Walker","1","1","2016-07-18 10:38:29","treats: 447","6"
"Dustin Davis","0","0","2017-06-20 09:10:45","toys: 417","10"
"Gerald Martin","0","0","2019-01-10 07:41:30","toys: 892","6"
"Erin Burns","1","1","2020-04-08 09:21:11","food: 569","2"
"Tina Ware","1","1","2018-01-07 16:37:40","treats: 963","8"
"Brian Hall","1","1","2017-01-21 03:43:10","treats: 666","8"
"Ryan Baldwin","1","0","2019-04-24 20:13:02","beds: 724","4"
"Jesus Gordon","1","0","2016-12-06 04:15:19","toys: 733","9"
"David Black","0","0","2022-01-31 03:06:07","toys: 683","8"
"Lindsey Robertson","0","0","2022-01-03 10:55:38","toys: 934","9"
"Jasmine Price","1","1","2019-04-04 09:06:03","toys: 992","7"
"Erik Pennington","1","1","2017-01-11 06:01:55","beds: 899","9"
"Mrs. Sarah Nelson","1","1","2020-04-06 19:02:35","toys: 548","4"
"Linda Williams","1","0","2021-09-26 00:59:39","food: 236","6"
"Andrew Harris","0","1","2020-05-25 18:13:38","food: 213","3"
"Sarah Villanueva","1","0","2021-01-07 08:38:51","treats: 397","2"
"Michael Hall","0","1","2019-04-05 18:12:29","beds: 346","6"
"Mark Haley","1","1","2016-04-15 16:46:57","toys: 597","5"
"Oscar Gonzalez","1","1","2018-12-29 10:35:02","toys: 110","7"
"Angela Mccullough","1","0","2022-01-02 13:24:23","food: 134","7"
"Raymond Barr","0","1","2021-11-12 02:27:21","treats: 453","7"
"Melanie Parker","1","1","2018-05-27 16:43:56","beds: 529","1"
"Deborah Brooks","1","1","2021-07-12 14:59:24","food: 827","6"
"James Henderson","1","0","2019-08-23 03:57:04","beds: 81","10"
"Gary Choi Jr.","0","1","2017-08-09 13:07:55","food: 760","1"
"Stacey Mccullough","1","0","2019-11-15 11:26:13","food: 427","1"
"Elizabeth Pittman","0","0","2019-06-16 10:41:31","beds: 304","1"
"Michelle Jones","1","0","2019-09-14 19:43:52","beds: 910","8"
"Anthony Osborne","1","0","2016-01-03 17:22:04","treats: 949","7"
"Donna Hill","1","1","2016-05-22 12:43:13","beds: 922","1"
"Natalie Maldonado","0","0","2021-02-12 04:13:40","beds: 120","2"
"Carol Casey","0","0","2019-10-15 21:03:27","beds: 448","6"
"Frederick Rosales","0","0","2019-03-06 23:36:15","beds: 990","8"
"David Black","1","1","2016-11-19 08:23:45","toys: 689","1"
"George Walker","0","0","2019-04-29 20:24:32","treats: 678","6"
"Randall Sullivan","0","1","2017-02-09 20:28:14","treats: 146","1"
"Andrew Kane","0","0","2018-10-08 21:16:43","treats: 860","6"
"Christopher Bryant","1","1","2016-06-20 09:00:54","toys: 186","9"
"Mary Ferrell","0","0","2018-09-29 09:52:04","beds: 716","10"
"Julie Butler","0","0","2017-09-17 13:39:49","toys: 459","1"
"Daniel Whitaker","0","0","2021-11-25 21:49:17","treats: 344","4"
"David Henderson","1","1","2016-10-31 18:04:36","toys: 927","1"
"Jennifer Lopez","1","1","2022-02-06 07:05:51","food: 427","9"
"Teresa Dunn","1","0","2021-02-04 19:14:51","beds: 813","10"
"Jason Conley","1","1","2018-08-13 08:59:24","toys: 302","8"
"Tyrone Garcia","1","0","2017-04-24 12:05:22","treats: 526","1"
"Brittany Jackson","0","1","2020-02-13 12:29:23","treats: 172","2"
"Shari Reed","0","1","2019-08-03 20:53:29","toys: 135","1"
"Robert Sanchez","0","0","2018-05-18 09:54:52","beds: 466","6"
"Leslie Moore","0","1","2017-11-16 15:40:54","beds: 303","6"
"Leslie Garrett","1","0","2019-08-08 13:16:57","toys: 400","8"
"Joel Green","1","0","2018-08-01 14:59:27","food: 511","6"
"Breanna Anderson","1","1","2020-08-25 19:44:53","toys: 565","2"
"Chris Pacheco","0","0","2018-01-25 04:17:37","beds: 981","7"
"Jeff Lee II","1","1","2017-06-24 10:47:41","toys: 214","6"
"Rickey Duke","0","1","2018-04-06 11:41:47","treats: 504","8"
"Emily Navarro","0","0","2021-05-02 02:31:23","beds: 991","10"
"Yolanda Wells","0","1","2018-12-07 04:03:18","food: 438","8"
"Patrick Jones","0","0","2018-08-19 14:30:33","food: 993","7"
"Bradley Barajas","0","1","2017-05-14 16:49:49","beds: 883","9"
"Jessica Brown","1","1","2016-08-07 00:32:28","toys: 978","9"
"Brett Thompson","1","1","2020-10-17 05:58:45","toys: 34","6"
"Tiffany Johnson","0","1","2017-02-28 14:16:39","toys: 692","5"
"Jennifer Lee","1","1","2022-02-06 00:33:56","beds: 951","3"
"Kevin Russo","0","1","2018-12-06 12:01:31","toys: 900","7"
"Jose Mays","1","0","2021-06-03 09:55:19","food: 898","3"
"Mark Garrett","0","1","2017-10-31 22:55:02","toys: 132","10"
"Brittany Erickson","0","1","2017-06-07 23:51:56","treats: 781","1"
"Nicholas Shaffer","0","0","2016-08-12 21:54:46","toys: 302","10"
"Holly Stone","0","1","2021-01-02 07:20:42","food: 433","1"
"Jennifer Wilson","0","0","2016-11-20 15:04:31","treats: 98","6"
"Martin Watkins","0","0","2018-04-27 17:35:32","toys: 374","5"
"Catherine Yates","0","0","2016-10-26 00:20:17","beds: 188","4"
"Mr. David Keller","0","1","2017-04-15 04:17:26","food: 958","5"
"William Ramirez","1","0","2016-05-16 02:29:19","food: 7","6"
"Michele Stone","1","1","2019-05-28 13:08:24","food: 930","8"
"Corey Hodges","1","0","2016-07-02 21:53:39","treats: 649","1"
"David Henderson","0","1","2018-10-26 12:32:32","beds: 686","5"
"George Daniels","1","0","2020-06-05 04:31:34","food: 711","6"
"Angela Price DDS","1","1","2021-08-15 23:43:53","food: 58","6"
"Robert Ware","1","0","2019-11-05 11:44:32","beds: 870","1"
"Melissa Lopez","1","1","2016-04-26 18:07:11","beds: 289","3"
"Rebecca Mason","0","1","2021-04-18 20:30:51","treats: 266","2"
"Mr. William Williams MD","1","1","2020-02-10 23:48:26","toys: 828","10"
"John Davis PhD","1","1","2019-04-12 03:56:15","toys: 183","9"
"Joseph Brown","1","1","2021-02-15 03:06:27","treats: 358","5"
"Anthony Garcia","1","1","2021-06-02 19:31:30","beds: 83","3"
"Joseph Diaz","0","1","2020-04-04 04:27:38","food: 657","7"
"Kimberly Mendez","0","0","2016-11-24 17:05:36","food: 276","8"
"Kim Adams","0","1","2017-11-01 10:54:24","treats: 323","6"
"Lauren Porter","0","0","2019-06-10 05:23:15","toys: 689","6"
"Adam Bell","1","1","2018-03-29 15:32:53","toys: 321","9"
"Michelle Ramirez","0","0","2018-10-30 16:31:14","food: 383","7"
"Eric Hopkins","1","1","2018-01-07 03:52:10","treats: 943","10"
"Amy Cohen","0","0","2018-11-17 03:40:55","toys: 436","8"
"Andrea Duffy","1","1","2021-07-16 20:07:29","food: 44","1"
"Debbie Adams","1","0","2020-12-31 19:46:32","beds: 121","2"
"Stephanie Burns","0","0","2019-10-15 07:52:06","food: 108","3"
"Robert Wright","0","1","2019-11-12 12:18:46","food: 664","1"
"Paul Good","0","1","2021-06-22 08:54:05","beds: 609","6"
"Brent Chase","1","1","2018-01-01 04:48:15","toys: 621","3"
"Mary Ferrell","0","1","2020-11-22 11:31:18","beds: 253","9"
"Laura Patterson","0","0","2017-04-21 14:57:18","beds: 995","8"
"Anthony Silva","1","1","2020-03-16 22:21:25","treats: 100","9"
"Jessica Green","1","0","2021-04-07 02:33:42","beds: 651","1"
"Danielle Parrish","1","1","2021-08-16 22:53:19","toys: 770","10"
"Daniel Shepherd","1","1","2018-02-12 16:39:34","treats: 501","4"
"Michael Jackson","1","1","2016-03-18 15:03:28","food: 39","5"
"Lisa Hunter","0","0","2019-05-27 15:25:42","treats: 826","6"
"Steven Riddle","1","1","2018-08-18 09:04:01","food: 574","2"
"Natasha Taylor","0","0","2016-07-05 13:19:21","food: 314","3"
"Derek Miller","0","0","2020-03-09 02:18:02","beds: 69","1"
"Juan Perry","1","1","2018-09-08 17:12:02","beds: 864","2"
"Abigail Hernandez","0","1","2017-05-20 00:10:47","food: 488","9"
"Heidi Shelton","1","1","2017-12-22 02:39:03","toys: 992","9"
"Laurie Williams","1","0","2019-11-21 14:27:06","beds: 233","4"
"Brandon Gray","0","1","2019-12-04 04:34:52","toys: 610","8"
"Brian Clark","1","0","2016-09-30 04:53:09","beds: 613","8"
"Mr. Jeffrey Baker","0","1","2018-01-23 21:04:29","toys: 306","2"
"Tanner Price","1","0","2016-11-14 18:43:36","treats: 908","8"
"Kristin Peterson","1","0","2021-02-19 23:50:51","food: 495","4"
"Kevin Burgess","0","0","2021-11-30 20:28:24","toys: 464","5"
"Angela Mccullough","1","0","2016-01-16 13:38:39","beds: 648","7"
"Michelle Morrison","0","1","2016-11-08 15:36:01","beds: 148","8"
"Michael Thompson","1","1","2019-08-29 06:55:41","beds: 188","4"
"Paige Brown","0","1","2020-04-01 23:25:42","food: 725","5"
"Laura Hahn","0","1","2019-03-03 23:41:01","treats: 848","5"
"Paul Matthews","1","0","2018-05-27 01:50:26","beds: 686","5"
"Holly Gibson","0","0","2019-10-04 20:00:05","food: 218","2"
"Steven Weber","0","1","2018-12-22 04:13:24","beds: 720","5"
"Robert West","0","0","2021-07-18 13:25:58","beds: 717","8"
"John Schmidt","1","0","2021-08-30 18:37:06","treats: 387","6"
"William Blevins","1","0","2019-08-21 01:21:51","toys: 735","3"
"Kenneth Ramsey","1","0","2018-06-28 11:54:43","food: 356","1"
"Melissa Pollard","1","0","2016-11-16 08:34:51","toys: 926","4"
"Daniel Joseph","1","0","2021-07-31 02:01:32","treats: 447","6"
"Brittany Erickson","1","0","2021-06-05 08:57:51","toys: 364","5"
"Steven Garcia","1","1","2018-02-10 21:37:18","food: 634","2"
"Sean Atkins","1","1","2016-08-24 05:08:05","treats: 240","3"
"Gerald Martin","1","0","2019-03-20 10:42:10","beds: 854","1"
"Patricia Young","0","0","2018-03-10 09:05:09","toys: 324","10"
"John Schmidt","0","0","2017-09-10 19:32:42","toys: 147","7"
"Lisa Carlson","1","1","2020-08-01 22:19:51","treats: 897","3"
"Jonathan Smith","0","1","2016-02-05 02:20:49","treats: 264","2"
"Jackson Nelson","1","1","2016-05-19 08:52:35","beds: 837","10"
"Gregory Camacho","1","1","2018-12-13 03:59:04","beds: 150","1"
"Jay Perkins","1","1","2016-02-02 06:57:49","beds: 295","7"
"Kelly Fleming","0","0","2019-12-13 02:04:27","toys: 161","10"
"Catherine Yates","0","1","2019-07-06 14:00:17","toys: 989","10"
"Brian Carpenter","1","0","2021-03-18 18:21:44","beds: 343","3"
"Robert Woodward","1","1","2020-03-23 15:09:43","food: 863","1"
"Phillip Roth","1","1","2016-07-26 03:51:34","treats: 370","8"
"Dominique Williamson","0","1","2017-12-10 02:14:13","treats: 499","2"
"Kara Martin","1","1","2019-06-06 02:29:34","beds: 61","1"
"Matthew Jimenez","1","1","2018-04-11 07:53:27","treats: 583","6"
"Richard Rodriguez","0","0","2017-08-24 07:44:43","beds: 736","7"
"Daniel Lawrence","1","1","2016-08-31 16:17:18","beds: 813","8"
"Timothy Lopez","1","0","2020-06-03 11:50:56","treats: 520","3"
"Penny Munoz","0","0","2016-02-22 15:53:47","treats: 840","3"
"Kelsey Robinson","1","1","2019-08-17 16:00:48","toys: 457","8"
"Lisa Solis","1","0","2018-06-26 04:16:07","food: 754","9"
"Amy Williams","0","0","2020-04-18 11:40:02","food: 958","3"
"Brian Clark","1","0","2018-02-28 02:17:52","toys: 468","10"
"Heidi Holmes","1","1","2017-07-21 06:56:04","food: 964","9"
"Claire Osborne","1","1","2021-11-15 15:43:19","food: 626","5"
"Mark Haley","0","0","2016-07-14 02:06:27","treats: 29","9"
"Tammy Griffith","0","0","2016-11-22 07:59:55","toys: 247","7"
"Lori Rogers","0","0","2017-04-09 00:33:53","treats: 766","5"
"Andrew Pratt","1","1","2016-11-28 02:34:31","food: 14","1"
"Kevin Schneider","0","0","2021-01-14 09:38:13","toys: 616","9"
"Scott Griffin","1","0","2021-12-10 07:42:23","food: 267","4"
"Eric Hopkins","0","1","2020-11-15 11:27:22","toys: 977","8"
"Jose Mays","1","0","2019-06-24 00:49:36","beds: 585","6"
"Judy Wood","1","0","2017-11-18 23:00:35","treats: 826","3"
"William Cooper PhD","0","0","2017-06-12 02:19:10","treats: 220","1"
"Nancy Miller","1","1","2021-01-16 20:14:22","beds: 75","6"
"Stephanie Hicks","1","1","2022-03-02 10:17:25","toys: 709","7"
"Emily Watts","0","1","2016-05-17 04:17:48","treats: 240","2"
"Jodi Fox DDS","0","0","2020-12-10 00:20:11","toys: 776","4"
"Andrea Dunn","1","1","2021-04-15 16:37:01","toys: 780","4"
"Michelle Alexander","0","0","2017-08-28 19:43:45","food: 512","6"
"Anna Mccoy","0","1","2019-06-30 00:35:54","beds: 782","1"
"Kara Martin","0","1","2018-05-04 08:48:54","treats: 294","7"
"Richard Green","1","1","2018-07-02 04:55:37","toys: 989","5"
"Scott Williams","0","0","2018-03-16 13:24:46","food: 527","7"
"Dawn Perez","0","1","2020-06-03 20:27:13","food: 958","9"
"Jaime Parrish","0","0","2019-07-03 18:53:23","beds: 651","1"
"Ashley Baker","0","1","2016-03-01 19:14:21","beds: 83","6"
"Dawn Perez","0","1","2018-10-29 07:58:24","beds: 951","5"
"Holly Glass","1","1","2016-09-07 07:51:18","food: 726","9"
"Brandon May","1","1","2021-07-19 05:04:02","food: 542","6"
"Yvonne Hawkins","0","0","2021-05-15 05:18:46","food: 68","2"
"Sarah Sutton","1","1","2016-11-05 00:04:12","beds: 372","2"
"Michael Calderon","1","0","2018-08-01 15:34:16","toys: 296","3"
"Jessica Snyder","1","1","2019-04-06 08:28:09","treats: 73","7"
"Stephanie Taylor","1","0","2017-08-17 13:05:28","beds: 822","5"
"Heather Krueger","1","1","2021-08-25 22:34:57","beds: 736","3"
"Jake Leon","0","1","2020-09-27 07:05:50","beds: 148","5"
"Susan Powell","0","0","2018-11-25 11:39:27","treats: 467","5"
"Jesus Gordon","1","0","2020-05-07 01:57:49","toys: 459","3"
"Tina Rodriguez","0","0","2019-03-27 04:10:15","food: 611","8"
"Nancy Smith","0","0","2020-08-19 20:25:21","food: 421","5"
"Todd Beasley","1","1","2020-05-24 22:44:58","food: 191","5"
"Michael Davis","0","1","2018-11-28 13:08:29","toys: 956","10"
"Ashley Brooks","1","1","2020-02-12 12:10:12","toys: 359","9"
"Shawn Curtis","0","0","2019-12-21 14:35:37","treats: 360","2"
"Sarah Villanueva","1","0","2020-08-25 08:46:36","toys: 482","1"
"Paul Moran","1","0","2020-09-04 20:16:49","treats: 627","4"
"Michael Mullins","0","0","2017-03-08 04:54:00","food: 138","6"
"Joshua Douglas","0","0","2016-08-26 03:04:17","food: 70","5"
"Walter Houston","1","0","2016-09-04 14:14:30","toys: 47","6"
"Aaron Martin","0","0","2016-10-25 04:19:24","treats: 644","3"
"Steven Wilson","1","0","2020-07-03 08:47:16","beds: 720","2"
"Nicholas Smith","0","0","2020-05-25 17:55:42","beds: 670","9"
"Elizabeth Davidson","1","1","2017-12-20 19:14:42","beds: 415","9"
"Jennifer Mcclure","0","0","2019-02-08 05:48:02","beds: 648","4"
"Heather Carter","0","1","2018-04-11 07:04:01","food: 254","3"
"Gabrielle Daniels","0","0","2016-09-11 15:29:36","food: 754","3"
"Brian Mckinney","0","1","2016-08-19 09:30:07","treats: 503","9"
"Douglas English","0","1","2016-03-09 03:19:50","toys: 926","5"
"Juan Gibson","0","1","2018-12-14 03:55:04","toys: 288","4"
"Mark Mays","0","0","2021-05-29 11:02:02","toys: 560","3"
"Brittany Jackson","1","0","2021-02-05 11:31:06","beds: 988","8"
"Gary Choi Jr.","1","0","2020-09-23 17:30:19","treats: 10","5"
"Amanda Smith","0","1","2019-06-28 06:05:07","toys: 699","1"
"Lori Frye","1","1","2018-11-18 11:15:46","toys: 324","6"
"Laura Kelly","1","0","2020-05-05 23:30:55","toys: 971","4"
"Mary Jacobs","1","1","2022-03-25 08:55:00","toys: 111","6"
"Brooke Moody","0","1","2016-07-26 20:56:39","beds: 449","2"
"Brittany Aguilar","1","0","2017-05-02 11:26:50","toys: 34","8"
"Stephen Mccormick","0","0","2021-07-16 17:24:13","food: 969","2"
"Melanie Parker","1","1","2016-06-19 05:29:38","toys: 494","7"
"David Anderson","1","1","2019-07-27 07:08:23","food: 730","5"
"Brandon Butler","1","1","2019-03-30 18:53:33","beds: 229","8"
"Christian Austin","0","1","2021-05-16 09:16:04","food: 407","8"
"Kenneth Jones","0","0","2019-04-09 23:17:37","food: 490","2"
"Derek Miller","0","0","2020-03-10 11:17:34","food: 49","10"
"Susan Powell","0","1","2017-01-02 09:37:01","treats: 647","8"
"Rachel Wilson","0","0","2018-11-19 09:39:09","treats: 405","2"
"Jeffrey Gomez","1","1","2017-05-20 21:42:33","food: 127","6"
"Holly Glass","1","0","2020-04-20 17:13:30","treats: 872","6"
"Michael Hall","1","1","2017-09-19 13:54:57","treats: 843","7"
"Sherri Figueroa","1","0","2021-08-28 08:21:10","food: 219","6"
"Robert Hernandez","0","1","2017-11-19 08:01:51","treats: 341","1"
"Sharon Fox","1","1","2017-07-25 15:04:47","beds: 413","6"
"Jay Perkins","1","1","2019-07-21 14:37:32","food: 410","2"
"Andrew Jones","1","1","2021-08-06 22:23:02","toys: 52","8"
"Jerome Castaneda","0","0","2018-09-08 03:43:14","treats: 603","4"
"Deborah Preston","1","0","2016-05-17 15:24:33","beds: 806","1"
"Sylvia Stephenson","0","0","2022-01-27 02:05:54","beds: 209","8"
"Gregory Myers","1","0","2018-10-07 03:17:40","beds: 767","5"
"Kelly Cobb","0","1","2016-11-17 21:11:39","treats: 292","1"
"Scott Mason","1","0","2016-09-07 16:41:33","beds: 152","1"
"George Wilson","1","0","2020-04-02 05:41:37","beds: 174","3"
"Anthony Garcia","1","0","2016-04-24 08:24:51","toys: 359","2"
"Katherine Martinez","0","0","2021-01-04 19:16:50","treats: 933","2"
"Megan Henry","1","0","2016-07-26 18:10:54","treats: 985","10"
"Allison Miller","0","0","2019-02-22 04:23:55","treats: 583","1"
"Michael Mullins","0","1","2019-08-22 19:57:38","beds: 235","7"
"George Walker","0","1","2021-12-09 06:00:34","beds: 794","7"
"Benjamin Riley","1","0","2020-11-03 15:44:05","beds: 391","5"
"Joy Garcia","1","0","2021-06-22 06:11:27","food: 702","5"
"Barbara Key","0","0","2017-07-15 18:21:14","toys: 194","3"
"Rachel Miller","0","1","2022-01-20 02:01:46","beds: 804","9"
"Kathleen Smith","1","1","2017-10-20 19:13:05","beds: 808","3"
"Michael Floyd","1","1","2021-09-07 21:01:41","beds: 566","1"
"Abigail Hernandez","0","1","2017-04-27 17:48:32","treats: 959","5"
"Charles Palmer","0","0","2016-04-27 03:08:08","toys: 87","10"
"Rebecca Case","1","0","2021-06-19 19:20:57","beds: 878","2"
"Michelle Miller","0","0","2022-04-07 23:09:56","toys: 245","4"
"Rickey Duke","1","0","2020-08-27 20:00:19","treats: 326","6"
"Anthony Lee","0","1","2018-04-19 08:17:51","toys: 91","2"
"Mitchell Davis","0","0","2020-07-10 08:08:10","treats: 790","3"
"Timothy Williams","0","1","2016-10-28 00:38:06","beds: 446","5"
"Jerry Francis","1","0","2021-05-04 03:02:00","beds: 413","10"
"Melanie Parker","0","0","2016-07-14 06:19:42","treats: 834","7"
"Tammy Myers","1","0","2017-04-21 10:00:17","food: 877","2"
"Christina Mosley","1","0","2017-08-26 11:22:48","beds: 988","1"
"Carrie Duncan","1","1","2019-11-05 17:06:57","beds: 813","7"
"Brett Thompson","1","0","2016-12-12 01:30:43","toys: 591","4"
"Linda Williams","1","1","2016-01-15 07:10:22","treats: 673","5"
"Stacey Rogers","0","1","2018-04-26 11:32:02","treats: 766","2"
"Gregory Flores","0","0","2021-04-30 15:57:29","beds: 280","1"
"Paul Matthews","1","1","2019-07-25 20:12:23","food: 14","9"
"Tim Ramirez","1","1","2021-10-28 01:07:30","food: 611","2"
"Andrew Harris","1","0","2016-12-01 03:41:01","beds: 643","1"
"Richard Williams","1","1","2017-11-06 15:20:04","treats: 949","9"
"Aaron Curry","1","1","2020-01-03 00:40:03","treats: 628","5"
"Derrick Velasquez","0","0","2016-11-08 14:45:14","treats: 469","8"
"Katelyn Henderson","0","0","2017-04-12 18:03:12","beds: 265","6"
"Brian Murphy","1","0","2020-12-05 21:58:54","treats: 745","5"
"Christopher Cooper","0","0","2021-02-18 07:16:54","treats: 260","9"
"Ronald Benitez","0","0","2016-02-09 11:36:03","toys: 868","7"
"Aaron Orr","0","1","2019-09-28 11:16:00","toys: 54","2"
"Andrew Kane","0","1","2021-03-20 01:55:08","food: 506","8"
"Daniel Shepherd","1","0","2021-07-23 14:38:11","food: 930","8"
"Angela Taylor","0","1","2017-07-06 19:53:55","toys: 45","3"
"Doris Harrington","0","1","2019-05-15 04:45:22","beds: 875","8"
"Kenneth Bell","1","1","2019-08-28 03:38:31","food: 944","9"
"Brian Terrell","1","0","2017-10-14 06:04:47","beds: 515","6"
"Anita Miller","0","1","2019-01-29 12:07:09","beds: 94","7"
"William Jackson","1","1","2018-05-25 15:57:18","beds: 909","7"
"Brittany Aguilar","1","1","2016-11-22 22:17:14","food: 488","5"
"Anthony Anderson","0","0","2020-11-01 10:00:53","toys: 76","1"
"Scott Roberts","1","1","2019-11-19 19:36:05","toys: 135","1"
"Benjamin Anderson","0","0","2017-10-27 21:27:49","beds: 595","8"
"Patrick Garcia","1","1","2017-01-21 01:45:35","treats: 903","10"
"Michael Cruz","0","1","2021-05-03 02:50:11","toys: 245","1"
"Anthony Silva","1","0","2018-12-27 11:23:46","toys: 576","7"
"Christopher Cooper","0","0","2016-05-04 22:39:37","treats: 918","7"
"Tina Arnold","0","0","2021-08-23 04:50:04","beds: 304","1"
"Natalie Reyes","1","0","2016-05-19 15:19:09","treats: 266","6"
"Jack Padilla","1","0","2020-04-29 09:13:05","toys: 519","10"
"Robert Hernandez","0","1","2017-06-20 03:43:58","toys: 653","5"
"Juan Gibson","0","0","2022-04-12 14:08:30","toys: 170","4"
"Kenneth Jones","0","0","2020-03-27 05:21:10","beds: 716","2"
"Patrick Jones","0","1","2017-12-10 08:10:31","toys: 57","1"
"Charles Ross","1","1","2019-08-03 02:28:54","toys: 375","10"
"David Ford","1","0","2017-04-06 13:25:21","food: 795","9"
"Sharon Burgess","1","1","2018-02-19 13:27:11","toys: 882","10"
"Michele Stone","0","0","2016-06-22 00:20:33","toys: 655","6"
"Steven Riddle","0","1","2020-10-11 09:41:10","treats: 358","10"
"Melody Reed","0","0","2020-02-15 20:14:14","toys: 545","8"
"Donna Hurley","1","0","2018-07-19 03:26:58","food: 117","1"
"Jason King","1","0","2017-12-21 07:48:44","toys: 590","5"
"Mitchell Kim","0","0","2018-08-05 12:55:39","toys: 989","10"
"Shawn Curtis","0","1","2018-11-23 07:59:18","food: 379","10"
"Stephanie Taylor","0","1","2018-01-11 15:31:11","food: 827","2"
"Cesar Smith","0","0","2020-12-25 08:06:26","treats: 518","7"
"Scott Lambert","1","0","2018-01-05 08:27:56","toys: 947","10"
"Jennifer Rodriguez","0","0","2020-01-24 08:47:37","food: 498","4"
"Michael Rollins","1","1","2018-03-09 21:45:57","treats: 268","8"
"Corey Cooper","0","0","2021-10-19 18:09:23","food: 969","2"
"George Daniels","0","0","2021-11-30 23:37:13","beds: 631","9"
"Gabriel Gonzalez","0","1","2020-11-15 05:29:38","beds: 116","4"
"Matthew Cantrell","0","1","2022-04-03 15:30:42","toys: 351","6"
"Rachael Ramsey","1","0","2017-03-09 22:56:12","food: 743","5"
"Charles Gibbs","1","1","2017-09-15 03:21:24","toys: 572","7"
"Joshua Bailey","0","0","2016-02-08 03:50:19","treats: 642","10"
"Charles Ross","1","0","2018-12-07 21:49:40","toys: 828","8"
"Dana Johnson","1","1","2017-04-20 23:28:15","treats: 264","3"
"Andrew Pitts","1","0","2018-07-05 22:18:56","treats: 734","4"
"Claudia Reid","1","1","2019-09-11 22:30:14","beds: 346","6"
"Taylor Gilmore","1","0","2020-12-18 17:42:30","toys: 91","9"
"Kyle Nelson","0","0","2018-08-23 13:10:26","treats: 844","3"
"Marvin Ward","1","0","2021-02-15 14:30:35","treats: 268","8"
"Benjamin Williams","1","1","2019-12-11 23:01:33","food: 755","3"
"James Jacobs","0","0","2018-11-29 11:11:56","beds: 223","3"
"Stephanie Roberts","0","1","2018-04-08 07:31:11","toys: 876","5"
"John Schmidt","1","1","2017-12-21 11:13:45","toys: 114","10"
"Debra Taylor","1","0","2016-09-25 01:25:25","beds: 561","10"
"Benjamin Daniel","1","0","2016-08-04 06:10:19","toys: 571","9"
"Kyle Powell","0","1","2016-07-01 11:47:23","treats: 830","4"
"Thomas Ward","0","0","2016-10-18 08:17:27","food: 877","1"
"Becky Knight","1","1","2017-11-09 02:53:14","toys: 182","10"
"Jonathan Villegas","0","1","2019-03-17 23:26:04","treats: 826","8"
"John Taylor","1","0","2019-04-05 01:40:33","treats: 673","3"
"Nicholas Franklin","0","0","2018-09-27 08:58:38","toys: 351","2"
"Daniel Moore","1","0","2016-01-09 20:44:55","toys: 962","5"
"Judy Wood","0","0","2019-08-27 08:13:48","treats: 830","2"
"Jason Smith","0","1","2017-04-09 17:24:33","treats: 722","1"
"Ryan Hopkins","1","1","2019-04-14 17:35:38","treats: 341","10"
"Tyrone Garcia","1","1","2018-03-03 00:35:42","beds: 153","4"
"Veronica Lucero","0","0","2021-04-17 17:21:00","toys: 545","6"
"Nicole Miller","1","0","2016-04-17 23:53:37","toys: 271","10"
"Victoria Hebert","1","0","2017-04-07 00:54:53","beds: 15","9"
"Billy Nguyen","1","1","2021-10-05 09:56:03","beds: 728","1"
"Jessica Welch","1","1","2017-05-04 02:48:13","treats: 242","3"
"Justin Roth","0","1","2020-12-28 16:10:54","food: 46","6"
"Collin Sweeney","1","1","2020-10-12 17:16:33","treats: 453","1"
"Scott Griffin","0","1","2017-10-02 00:06:50","food: 283","5"
"Amanda Moore","1","0","2017-03-14 01:02:38","beds: 2","7"
"Virginia Barnes","1","0","2020-07-28 19:25:58","beds: 910","8"
"Nicholas Nichols","0","1","2017-10-20 21:29:44","toys: 182","1"
"Michelle Jones","0","0","2017-01-21 15:18:21","food: 79","3"
"Catherine Taylor","1","1","2019-03-29 02:42:31","treats: 367","2"
"Courtney Weber","0","1","2016-07-18 03:31:08","treats: 319","10"
"Daniel Joseph","0","0","2019-08-14 08:14:39","toys: 882","9"
"Edgar Bell","1","1","2020-01-09 19:50:49","beds: 322","4"
"Rebecca Case","0","1","2022-02-02 15:53:11","treats: 586","8"
"Teresa Marshall","1","1","2018-11-20 02:13:53","treats: 29","9"
"Carl Sanders","0","1","2020-02-27 21:12:06","beds: 957","2"
"Andrew Jones","0","0","2016-11-06 15:29:52","toys: 87","8"
"Nicholas Little","0","0","2021-10-06 12:04:55","treats: 562","10"
"Angela Jackson","0","0","2018-08-22 19:44:40","beds: 211","4"
"Sabrina Kirby","1","0","2021-11-11 15:55:23","treats: 844","5"
"Billy Nguyen","0","1","2016-03-01 23:40:49","toys: 186","2"
"Brenda Jackson","0","0","2018-06-06 08:57:59","food: 993","8"
"Shari Reed","1","0","2016-06-01 21:42:05","food: 407","2"
"Nicole Willis","1","1","2018-10-05 11:04:10","food: 267","2"
"Michael Carter","1","1","2020-01-21 19:37:25","food: 442","10"
"Carla Dillon","1","1","2021-02-21 23:26:34","food: 421","3"
"Natalie Peterson","1","0","2018-03-13 04:09:08","toys: 42","2"
"Jackie Newman","1","1","2018-09-23 08:04:59","treats: 469","5"
"Daniel King","1","0","2017-04-26 08:38:40","beds: 599","1"
"Joseph Smith","0","0","2021-01-18 16:16:00","treats: 412","1"
"William Cooper PhD","0","1","2016-09-06 05:42:35","toys: 869","9"
"Scott Roberts","0","0","2016-11-01 08:37:35","treats: 331","5"
"Jenna Liu DDS","1","1","2019-12-27 20:01:20","beds: 116","5"
"Mr. William Stewart","0","1","2018-04-29 05:38:41","beds: 609","8"
"Joel Green","1","0","2017-03-20 05:43:51","treats: 745","9"
"Cynthia Clay","1","0","2019-05-04 08:13:33","toys: 925","3"
"Billy Nguyen","0","1","2017-10-11 19:46:48","toys: 845","10"
"Frederick Rosales","1","0","2017-01-30 14:59:37","toys: 987","1"
"Rebecca Mason","0","1","2017-10-04 11:58:13","treats: 240","9"
"Dennis Olsen","0","0","2022-04-12 16:44:48","treats: 673","8"
"Mr. David Martinez","0","0","2017-02-14 00:08:55","toys: 286","5"
"Wesley Johnston","1","0","2019-06-03 09:42:38","beds: 708","9"
"Kathy Mcguire","0","0","2018-05-09 03:46:26","beds: 31","5"
"Amber Hall","0","0","2019-06-07 12:42:14","treats: 642","5"
"Robert Brewer","0","1","2017-08-04 13:09:08","treats: 844","2"
"Walter Houston","1","1","2016-03-05 04:58:57","beds: 706","8"
"Dustin Morton","0","1","2017-05-31 11:54:53","toys: 214","4"
"Daniel Shepherd","1","1","2021-06-21 16:33:42","toys: 939","4"
"Stacy Garcia","1","0","2021-04-21 11:20:54","treats: 850","6"
"Erin Burns","1","0","2016-01-23 11:08:48","food: 251","2"
"Laura Jones","0","1","2020-08-03 13:13:15","treats: 558","9"
"Michael Smith","1","1","2016-02-19 07:51:28","treats: 752","3"
"Tammie Larson","0","0","2016-08-16 11:11:10","food: 993","4"
"Michelle Cisneros","0","1","2018-04-26 17:29:02","treats: 131","2"
"Jennifer Wilson","1","0","2018-09-11 10:03:47","toys: 770","4"
"Paul Good","0","1","2021-04-20 19:51:20","food: 754","8"
"Marvin Ward","1","1","2019-05-11 03:37:59","treats: 764","2"
"Matthew Richmond","1","1","2018-03-08 15:20:45","beds: 142","10"
"Heather Carter","1","1","2016-11-02 20:40:44","beds: 878","6"
"Dr. Amanda Moreno","0","1","2017-08-19 07:51:32","toys: 869","2"
"David Black","0","0","2019-12-08 08:25:23","toys: 245","10"
"Victoria Hebert","0","0","2017-07-26 15:23:34","food: 154","9"
"Eric Smith","1","1","2020-07-11 15:39:34","food: 617","7"
"Kelly Cobb","1","0","2017-07-19 09:49:19","treats: 840","6"
"Lori Frye","1","1","2021-06-22 03:57:38","beds: 17","9"
"Mitchell Young","1","0","2019-09-10 06:24:30","food: 687","9"
"Taylor Gilmore","0","1","2021-05-26 10:44:29","food: 512","3"
"Johnny Holland","1","1","2016-05-19 18:28:10","treats: 948","6"
"Kayla King","0","1","2021-11-25 01:42:32","food: 833","9"
"Rachel Hood","0","0","2018-02-19 00:21:35","toys: 183","9"
"Marvin Ward","1","1","2020-05-08 05:11:08","toys: 340","7"
"Chad Stewart","0","0","2019-10-31 04:03:06","toys: 451","4"
"Richard Rodriguez","1","1","2016-12-09 12:15:46","treats: 420","1"
"Adrian Wright","1","1","2017-01-25 13:58:55","treats: 473","6"
"Alexander Pope","0","0","2019-03-15 21:04:28","toys: 689","8"
"Derek Gonzalez","0","1","2018-03-06 10:20:34","toys: 688","5"
"Jessica Green","0","0","2017-05-11 07:55:54","beds: 439","10"
"Alejandra Friedman","0","0","2017-11-20 01:06:25","treats: 840","7"
"David Gross","0","0","2021-11-09 04:56:43","beds: 289","3"
"Kaylee Ward","0","0","2021-08-13 03:29:06","food: 470","3"
"John Christian","0","0","2020-04-10 23:04:53","beds: 816","8"
"Michelle Jackson","1","0","2020-05-27 11:01:46","toys: 971","7"
"Ashley Hays","1","0","2017-10-14 03:16:28","treats: 130","4"
"Richard Williams","1","0","2020-11-21 08:50:07","toys: 772","2"
"Justin Hunt MD","0","0","2016-10-08 14:51:02","toys: 123","3"
"Joseph Montoya","0","1","2018-05-20 16:06:01","beds: 967","5"
"Peter Moody","1","0","2019-06-11 16:49:57","food: 7","10"
"Lori Quinn","1","0","2020-03-09 23:51:37","beds: 741","5"
"Chelsea Smith","1","1","2017-05-31 19:31:35","toys: 677","5"
"Tracy Jones","0","1","2019-07-13 18:04:31","toys: 869","2"
"Michael Anderson","0","1","2021-12-18 22:57:21","beds: 177","4"
"Yolanda Williams","0","1","2016-01-25 22:47:25","treats: 292","9"
"Matthew Cole","0","0","2019-04-12 00:16:39","treats: 715","10"
"Jonathan Walker","1","1","2021-03-14 09:00:09","food: 6","2"
"Edward Kemp","1","0","2020-03-05 06:21:07","toys: 979","4"
"Veronica Lucero","0","1","2020-05-04 11:44:09","treats: 469","5"
"Kenneth Hall","0","1","2016-10-28 11:47:07","food: 283","7"
"Calvin Rodgers","0","0","2017-10-04 09:58:53","toys: 845","9"
"Bruce Clark","0","1","2021-03-16 08:48:17","treats: 168","1"
"Mr. Aaron Wilson","0","0","2020-10-23 08:38:08","beds: 343","9"
"Mr. Timothy Foster","1","1","2017-06-30 08:36:31","beds: 188","8"
"Jonathan Villegas","1","0","2018-08-01 21:37:25","toys: 87","7"
"Bruce Johnson","0","1","2020-04-12 12:35:02","beds: 223","9"
"Gerald Lynn","1","1","2020-09-07 16:34:05","treats: 605","7"
"Angela Price DDS","0","1","2019-06-09 18:00:34","food: 28","3"
"Dr. Amanda Moreno","0","0","2018-04-18 01:22:17","treats: 366","6"
"Steven Young","1","1","2016-04-11 21:41:07","treats: 204","9"
"James Paul","0","0","2018-01-20 19:35:03","treats: 128","1"
"Taylor Gilmore","0","0","2019-01-26 00:27:53","toys: 869","1"
"Ryan Park","0","0","2017-03-15 05:35:52","beds: 535","2"
"Nicholas Little","0","1","2021-04-04 05:03:40","food: 12","3"
"Joel Green","1","0","2019-11-17 17:40:32","food: 944","4"
"Katelyn Henderson","1","1","2016-03-14 03:07:46","treats: 884","9"
"Colleen Decker","1","1","2020-10-26 16:29:19","beds: 150","6"
"Nicholas Campbell","1","1","2019-01-04 14:56:18","toys: 524","6"
"Cynthia Clay","0","1","2016-12-02 07:26:12","food: 427","4"
"Erica Brown","0","0","2021-02-28 23:34:12","toys: 485","3"
"Jessica Wells","1","0","2021-07-01 05:29:14","beds: 454","6"
"Phillip Roth","1","1","2019-06-05 13:44:51","toys: 927","1"
"Michelle Bell","1","1","2019-10-16 22:20:52","treats: 368","6"
"Antonio Moore","0","0","2022-04-13 11:24:57","toys: 271","1"
"Aimee Robinson","1","0","2018-04-18 05:46:52","treats: 781","8"
"Brittany Aguilar","0","0","2018-06-25 17:43:46","beds: 448","2"
"Kimberly Rivera","0","0","2020-09-18 06:44:31","toys: 403","3"
"Mark Mays","1","0","2021-02-25 02:18:37","beds: 413","8"
"Tiffany Ward","1","1","2016-06-04 10:01:53","food: 490","4"
"Gerald Lynn","1","1","2019-03-26 03:05:49","treats: 642","6"
"Robert Woodward","0","1","2020-08-21 05:26:30","treats: 323","7"
"Carl Sanders","0","0","2021-11-30 00:59:09","treats: 353","4"
"Wesley Brandt","0","1","2021-08-31 11:16:50","treats: 10","7"
"Amy Taylor","0","1","2016-07-19 00:58:49","beds: 911","7"
"Jonathon Rodriguez","1","0","2018-08-15 04:33:50","treats: 38","7"
"Tanner Price","1","1","2016-12-06 21:25:07","treats: 551","6"
"Megan Holland","0","0","2018-09-05 00:01:24","treats: 242","1"
"Jessica Brown","1","0","2018-12-09 16:08:54","treats: 943","4"
"Sarah Hernandez","0","0","2016-11-30 21:43:02","toys: 621","2"
"Rachel Novak MD","0","0","2019-05-23 21:06:30","toys: 91","5"
"Adrian Wright","1","1","2017-12-16 21:10:26","beds: 821","2"
"Catherine Carey","1","1","2020-11-19 09:13:28","beds: 637","7"
"Steven Riddle","1","0","2019-05-11 15:13:18","beds: 662","9"
"Jade Ryan","1","1","2016-11-03 05:55:00","beds: 931","10"
"Craig Taylor","0","0","2019-03-13 08:14:32","treats: 582","6"
"John Rodriguez","0","0","2021-11-25 20:38:17","treats: 370","6"
"Daniel Moore","0","0","2018-12-10 14:56:09","treats: 734","10"
"Paul Kim","0","1","2019-03-09 11:59:54","food: 760","8"
"Devin White","1","1","2021-11-08 21:10:14","toys: 681","2"
"Brandon Gray","0","1","2016-04-18 09:34:13","treats: 358","2"
"Amanda Hernandez","0","1","2020-10-24 09:03:20","food: 750","5"
"Matthew Byrd","0","0","2020-07-05 09:12:12","food: 277","10"
"Patrick Williams","0","1","2017-01-01 10:09:32","food: 914","8"
"Matthew Cole","1","1","2017-12-17 14:29:29","toys: 93","7"
"Michelle Andrews","1","0","2021-03-21 07:01:01","treats: 502","6"
"Kevin Russo","1","0","2018-07-24 03:00:08","beds: 741","2"
"Allison Miller","1","0","2021-12-14 23:21:20","toys: 548","6"
"Corey Cooper","0","1","2018-05-09 21:47:26","food: 570","6"
"Lisa Grant","1","1","2018-01-05 07:13:34","beds: 18","2"
"Kyle Taylor","1","0","2020-11-30 08:52:35","food: 730","3"
"Margaret Carney","1","0","2016-06-17 01:28:25","food: 964","10"
"Robert Tapia","0","0","2021-04-16 00:43:14","treats: 853","4"
"Michael Davis","1","0","2019-08-13 00:19:27","toys: 72","7"
"Mr. William Williams MD","1","0","2020-05-14 07:44:41","beds: 931","5"
"Jennifer Perry","1","0","2017-05-31 18:18:28","beds: 119","1"
"Alexis Bradley","0","0","2022-02-22 06:00:43","treats: 676","9"
"Michael Martin","0","0","2017-01-16 09:47:35","toys: 144","1"
"Jesse Vaughn","1","0","2020-04-17 21:39:58","treats: 894","3"
"Donna Estes","0","1","2020-09-21 04:55:02","beds: 258","4"
"Kelli Powell","1","1","2017-11-13 00:14:20","treats: 86","7"
"Virginia Huffman","0","0","2021-04-01 10:59:28","treats: 884","7"
"Daniel Moore","1","0","2019-04-18 02:51:36","treats: 367","7"
"Laura Baird","1","1","2020-03-24 09:25:37","treats: 473","6"
"Lauren Thomas","1","0","2020-03-01 22:52:48","beds: 861","10"
"Anthony Anderson","1","0","2021-12-30 05:33:00","treats: 474","5"
"Paul Moran","1","1","2017-01-02 16:47:12","food: 896","2"
"Thomas Ward","1","1","2019-09-12 15:24:18","beds: 446","8"
"Kathleen Walters","0","0","2016-03-07 15:11:46","toys: 655","3"
"Virginia Barnes","1","1","2016-10-03 07:05:50","treats: 580","8"
"Antonio Moore","1","1","2018-05-13 22:20:20","toys: 87","10"
"Crystal Pierce","1","0","2018-02-12 22:53:33","food: 542","6"
"Angela Ortega","1","1","2017-03-23 11:08:39","treats: 331","9"
"Stephen Thomas","0","1","2021-11-10 07:43:15","toys: 900","9"
"Brian Clark","1","0","2017-01-09 18:25:01","food: 206","6"
"Jenna Parker","0","1","2018-05-18 18:46:30","beds: 142","3"
"Tracy Taylor","1","0","2020-09-18 17:22:25","beds: 593","7"
"James Jones","1","1","2019-04-19 15:33:42","food: 700","9"
"Melissa Mendoza","1","1","2017-02-24 15:47:59","beds: 430","1"
"Debbie Jordan","1","1","2019-02-01 16:37:13","food: 433","1"
"Victoria Barker","1","1","2019-10-30 16:18:45","treats: 676","8"
"Brittany Peters","0","0","2016-01-06 10:58:54","beds: 55","1"
"Tammy Griffith","1","1","2020-02-23 20:11:39","toys: 735","9"
"Russell Walker","0","0","2020-06-12 06:01:23","treats: 960","2"
"Calvin Rodgers","0","0","2016-12-16 02:27:55","toys: 828","10"
"Natalie Miller","0","0","2016-08-01 05:21:07","toys: 245","4"
