"David Ford","3","not recommended","1","Elizabeth Webb","1975-01-21 23:06:32"
"Dustin Gill","1","bad","4","Douglas English","1984-04-09 15:22:54"
"Matthew Rose","4","good","3","Kara Martin","1975-12-21 21:13:31"
"Wesley Brandt","1","bad","3","Mr. Joshua Walker","2009-11-29 04:48:11"
"Eric Abbott DDS","5","excellent","3","Kimberly Martin","1974-12-17 12:08:18"
"Marie Lawrence","4","good","2","Nicholas Warren","2009-10-04 02:31:27"
"Jose Cervantes","5","excellent","1","Jennifer Mcclure","2006-01-02 12:05:17"
"Mariah Flowers","4","excellent","1","Nicholas Nichols","1971-03-02 07:22:04"
"Julie Smith","4","excellent","3","Lauren Harrison","1993-10-17 03:38:59"
"Clayton Cruz","2","not recommended","5","Adam Robles","1995-11-29 12:58:05"
"Sara Gutierrez","2","average","5","Jerome Castaneda","2011-06-20 18:17:53"
"Sean Atkins","2","average","3","Daniel Moore","2013-09-14 07:46:08"
"Phillip Peterson","2","average","1","Rachel Miller","2005-06-20 02:56:53"
"Andrew Pratt","3","average","4","Steven Rodriguez","1998-08-15 17:39:36"
"Jerome Castaneda","5","good","1","Mary Allen","1976-04-02 21:40:09"
"Steven Garcia","3","average","4","Virginia Huffman","1981-01-25 21:42:04"
"Michael Lambert","4","excellent","2","Sarah Sutton","2003-12-06 19:20:47"
"Andrew Mora","2","not recommended","3","Mr. Jeffrey Baker","2018-06-08 02:57:57"
"Becky Lee","3","average","2","Jennifer Harris","1987-01-02 22:13:56"
"Catherine Carey","1","bad","3","Dustin Morton","2004-07-16 18:19:28"
"Scott Thompson","4","good","1","Jaime Parrish","2011-01-23 14:11:04"
"Antonio Moore","3","average","4","George Daniels","1980-09-19 11:48:18"
"Deborah Brooks","2","not recommended","1","Renee Edwards","1999-08-16 18:20:00"
"Brooke Moody","3","not recommended","4","Heather Pierce","2016-11-07 11:09:38"
"Jessica Kim","1","bad","1","Jesus Gordon","1995-04-29 05:33:46"
"Clayton Cruz","4","good","1","Nicholas Carrillo","2013-09-29 12:51:43"
"Stacey Rogers","1","bad","1","Nicholas Franklin","2010-03-17 09:49:11"
"Nicole Davis","2","not recommended","3","Brian Bird","2005-10-14 10:34:10"
"Laura Hahn","3","not recommended","4","Jason Mora","1986-08-17 10:26:22"
"Scott Thompson","4","excellent","5","Scott Brown","2017-04-25 13:25:18"
"Frederick Carpenter","1","bad","2","Molly Daniels","1982-08-24 22:49:37"
"Derek Miller","1","bad","5","Alejandra Friedman","1995-09-03 09:03:18"
"Kimberly Mendez","5","excellent","4","Angel Conway","1970-05-03 04:12:45"
"David Garrison","5","excellent","5","Daniel King","2009-05-23 09:37:25"
"Robert Woodward","2","not recommended","2","Collin Sweeney","2005-06-29 12:06:47"
"Victoria Hebert","1","bad","2","Anthony Martin","1992-11-17 01:38:51"
"Craig Taylor","4","excellent","1","Justin Hunt MD","1985-07-05 10:41:03"
"Lisa Johnson","5","excellent","5","Arthur Arellano","1998-12-16 07:15:19"
"Lindsey Jensen","5","excellent","1","Donna Hardy","1983-03-22 17:33:35"
"Jose Mays","3","not recommended","4","Amy Taylor","2006-05-22 03:38:52"
"Joshua Berg","3","average","1","Marisa Perez","1971-05-06 05:29:48"
"Sean Villanueva","5","excellent","5","Timothy French","2013-06-11 21:47:12"
"Debbie Jordan","2","not recommended","4","Susan Fisher","2014-01-30 00:22:24"
"Dr. Hannah Evans","2","not recommended","2","Mitchell Kim","1970-01-25 12:55:05"
"Susan Powell","3","average","2","Kelly Collins","2021-03-08 09:48:48"
"Desiree Luna","3","not recommended","1","Billy Booker","2000-12-07 22:24:39"
"Amy Watkins","2","average","3","Mr. Timothy Foster","2007-04-06 00:26:39"
"Michael Hall","3","not recommended","4","Kelly Tucker","1987-02-23 17:42:49"
"Brandon Martinez","4","excellent","3","Patricia Young","2011-11-16 01:00:03"
"Sean Curtis","5","excellent","3","Jessica Snyder","2014-04-21 20:23:57"
"Anna Mccoy","4","good","3","Nicholas Howard","1980-09-09 02:39:23"
"Tiffany Ward","3","average","4","Sean Curtis","2020-03-06 12:06:02"
"Eric Abbott DDS","1","bad","3","Susan Powell","1987-03-25 23:39:00"
"Benjamin Williams","4","excellent","5","Claire Osborne","2018-10-07 00:12:51"
"Kelly Schmitt","1","bad","1","Jessica Moyer","2011-10-16 10:27:17"
"Melissa Ray","3","not recommended","3","Tracy Jones","2021-07-22 11:00:26"
"Ryan Hopkins","3","not recommended","4","Jessica Wells","1984-01-23 22:59:11"
"Sierra Reynolds","5","excellent","1","Sue Norton","1978-11-13 00:00:02"
"Brittany Stokes","3","average","5","Mary Allen","1972-03-01 21:02:50"
"Brian Carpenter","3","not recommended","2","William Ramirez","2019-07-07 10:02:48"
"Mariah Flowers","4","excellent","2","Elizabeth Pittman","1992-07-10 13:09:55"
"Kimberly Taylor","4","good","1","Jodi Fox DDS","2021-08-09 19:45:35"
"Juan Gibson","4","excellent","5","Christopher Cameron","1975-11-30 00:24:13"
"Carol Casey","5","good","4","Bradley Barajas","1984-03-21 22:00:04"
"Daniel Shepherd","4","good","4","Rebecca Edwards","2011-03-12 18:11:51"
"Kimberly Martin","5","excellent","2","Tammie Walton","1985-08-26 23:02:38"
"Patricia Steele","5","excellent","5","Jeffery Johnson","1980-05-02 18:54:16"
"Michelle Ramsey","1","bad","2","Stephanie Juarez","2002-06-25 03:35:45"
"Gregory Watkins","5","excellent","1","Virginia Barnes","1999-11-30 23:50:53"
"Mary Allen","3","average","2","Kimberly Dennis","1997-05-08 09:47:47"
"Elizabeth Wagner","5","good","5","Gerald Lynn","2001-02-20 19:41:54"
"Heidi Holmes","5","excellent","5","Nicole Davis","1976-11-15 16:10:22"
"Jack Padilla","2","average","2","Christopher Cameron","1973-01-01 11:05:10"
"Elizabeth Pittman","5","excellent","4","Don Taylor","1982-10-03 16:35:08"
"James Paul","5","good","3","Stephen Mccormick","2002-08-23 09:58:54"
"Andrew Russell","1","bad","5","Charles Parks","1992-07-24 04:13:14"
"Marcus White","2","not recommended","2","Dana Bradshaw","1999-02-24 07:43:07"
"Allen Martin","5","good","2","Sean Curtis","2000-12-12 06:50:28"
"Anthony Romero","3","average","4","John Trevino","2020-11-13 11:40:08"
"Kristina Mendez","2","not recommended","5","Jesse Clark","2004-08-04 16:28:33"
"Cassandra Hull","4","excellent","3","Timothy French","1985-02-04 04:41:14"
"Michael Carter","5","good","3","Daniel Whitaker","1972-09-18 02:43:46"
"James Henderson","4","excellent","4","Benjamin Williams","1998-05-13 17:38:26"
"Renee Grant","5","excellent","2","Lisa Carlson","2009-07-25 20:48:38"
"Sarah Cruz DVM","3","average","1","Kyle Matthews","2002-07-04 21:16:42"
"Jonathan Villegas","5","good","5","Jacqueline Ibarra","1970-03-30 17:23:18"
"Tim Ramirez","2","not recommended","1","Christopher Brock","2019-04-15 15:05:48"
"Anthony Nelson","5","excellent","3","Dr. Hannah Evans","2011-06-19 14:34:54"
"Erin Jones","4","good","1","Matthew Wilson","2016-05-07 02:17:00"
"Paul Kim","4","excellent","4","Catherine Park","1984-06-07 10:43:23"
"Lindsey Jensen","4","good","4","Kenneth Bell","1983-04-18 23:58:31"
"Paula Hansen","1","bad","5","Lisa Davis","2011-05-19 07:43:33"
"Scott Griffin","5","excellent","5","Sean Villanueva","1981-08-26 05:16:47"
"Lori Frye","1","bad","1","Phillip Peterson","1995-12-02 23:01:24"
"Adam Ball","1","bad","3","Ariana Andrade","2013-01-05 05:32:34"
"Karen Hernandez","5","good","1","Philip Stevens","2009-12-08 16:30:09"
"James Williams","4","excellent","5","Timothy Gould","1986-02-16 11:56:26"
"Sarah Maddox","4","good","2","Aaron Curry","2005-10-03 03:38:40"
"Christopher Bryant","2","not recommended","4","Carla Dillon","1983-03-15 01:05:04"
"Gabriel Gonzalez","4","excellent","4","Nicholas Wheeler","1971-08-15 14:53:25"
"Sylvia Stephenson","1","bad","2","Brittany Peters","2012-01-16 23:34:36"
"Gregory Myers","1","bad","2","Carol Williams","1992-08-09 03:54:30"
"Claire Osborne","3","average","1","Robert Cross","1993-02-09 18:18:50"
"Claire Osborne","5","excellent","5","Mark Haley","1990-11-23 18:31:55"
"William Garza","4","good","3","Laura Kelly","2019-02-21 14:12:45"
"Robert Willis","1","bad","4","Ryan Park","1994-07-07 21:43:36"
"Jessica Green","5","excellent","3","Megan Holland","1975-01-29 13:54:20"
"Joshua Douglas","1","bad","5","Karen Austin","1989-12-04 03:11:27"
"Katelyn Henderson","2","average","4","Mitchell Young","2015-01-30 18:03:53"
"Steven Hopkins","1","bad","2","Tyler Graham","1972-09-07 09:56:14"
"Robert Wood","4","good","5","Jenna Parker","1991-08-06 08:48:43"
"Carol Casey","4","excellent","5","Julia Jackson","1987-09-04 06:29:37"
"Lauren Porter","1","bad","5","Jade Ryan","1978-12-20 13:02:16"
"Elizabeth Webb","4","good","3","Garrett Wolfe","2002-08-24 15:06:35"
"Kelsey Robinson","5","excellent","4","Dan Shea","1973-01-25 04:25:56"
"Jonathan Martinez","2","not recommended","2","Elizabeth Webb","1970-05-04 20:21:01"
"Brian Mckinney","1","bad","5","Catherine Joseph","2010-07-04 02:30:49"
"David Anthony","4","good","5","Sheila Meyers","2016-08-21 19:22:11"
"Kaylee Ward","5","excellent","5","Gregory Camacho","1999-12-13 07:46:43"
"Brooke Moody","3","not recommended","1","Christopher Gonzalez","1998-06-23 01:52:05"
"Michael Floyd","5","good","4","Jay Melton","2016-06-27 19:58:02"
"Anna Barry","5","excellent","1","Mark Oneal","1999-01-12 00:01:52"
"Tiffany Ward","4","good","5","Darius Mccormick","2020-09-11 12:00:10"
"Anthony Romero","4","excellent","5","Steven Rodriguez","2019-12-28 08:18:23"
"Linda Ruiz","1","bad","4","Joshua Hill","1977-12-14 03:45:10"
"Antonio Moore","1","bad","4","Susan Barber","1999-01-31 18:13:42"
"Aaron Martin","3","average","5","Gregory Watkins","2009-03-18 22:06:48"
"Devin White","4","excellent","2","Scott Lambert","1970-10-01 16:23:28"
"Angela Gardner","1","bad","5","Brian Clark","2019-12-23 10:42:18"
"Jodi Jackson","5","excellent","5","Sean Mcintosh","1991-07-30 18:18:58"
"Samantha Edwards","5","good","1","Christina Peterson","1978-01-09 03:34:33"
"Melanie Parker","5","excellent","3","Victor Taylor","1973-03-27 20:10:23"
"Cassandra Hull","2","average","4","Donna Hill","1988-05-19 01:53:15"
"Dawn Dunn","3","average","3","Kimberly Taylor","2013-08-02 05:14:05"
"Tyler Sims","5","good","5","Ariana Andrade","1972-10-08 15:43:18"
"Amanda Smith","2","not recommended","4","Leonard Rojas","1978-09-01 14:04:39"
"Bonnie Johnson","1","bad","4","Paige Brown","2017-12-08 14:24:08"
"Kelly Hayes","1","bad","5","Daniel Lawrence","2003-05-16 03:36:05"
"Michelle Soto","5","excellent","5","Joseph Goodwin","2021-05-16 14:50:56"
"Patricia Young","2","not recommended","5","Dr. Amanda Moreno","1990-10-15 19:20:10"
"Joel Boone","5","good","1","Brett Thompson","2020-11-17 03:22:50"
"Allison Miller","3","average","4","Rachel Ryan","2010-08-07 13:05:15"
"Caleb Johnson","5","excellent","1","Joshua Hill","1997-06-21 09:28:12"
"Jay Perkins","2","average","3","Susan Barber","2015-10-08 01:39:00"
"Steven Serrano","3","not recommended","5","Jason Mora","1982-05-12 13:36:00"
"Christopher Howe","4","good","3","Steven Serrano","1994-11-14 09:37:21"
"Nicholas Howard","1","bad","4","Allen Martin","2018-05-31 07:02:35"
"Robert Cross","4","good","4","Robert King","1983-12-14 18:30:10"
"Julie Smith","4","excellent","4","Melissa Mendoza","1975-07-22 06:33:31"
"Laurie Williams","4","good","3","Jeffrey Bernard","1973-03-09 06:41:47"
"Ronnie Olson","1","bad","5","Heather Krueger","1988-03-16 13:39:35"
"Tiffany Ward","4","good","3","Angel Harris","1994-08-01 03:07:07"
"Victor Walsh","2","average","5","Christine Mayer","1986-07-08 10:17:52"
"Patricia Steele","5","excellent","4","Sabrina Kirby","1980-01-16 22:17:49"
"Jennifer Wilson","1","bad","3","Antonio Moore","2017-07-03 18:55:29"
"Beth Wilson","1","bad","3","Jennifer Hines","2020-03-28 17:45:57"
"Melissa Mendoza","3","not recommended","2","Michael Cruz","2006-04-06 21:04:07"
"Bruce Clark","4","good","1","Julie Smith","1999-12-03 11:20:39"
"Cassandra Hull","1","bad","2","Ralph Hudson","2014-09-29 10:40:23"
"Adam Ball","5","good","4","Dustin Davis","2003-11-18 09:06:06"
"Jeremiah Alexander","2","not recommended","2","Joseph Good","2013-03-23 09:21:47"
"Melissa West","3","average","5","Lance Lane","1997-07-12 01:02:22"
"Jacob Peterson","2","average","3","Felicia Franklin","2006-09-09 15:58:12"
"Kara Martin","5","excellent","1","Melissa Brown","2004-11-24 17:35:39"
"Joseph Gibbs","4","good","5","Heidi Holmes","2010-08-18 08:08:56"
"Chad Stewart","4","good","1","Tracy Jones","2015-07-12 04:58:27"
"Bonnie Johnson","4","excellent","1","Jennifer Palmer","1999-06-30 17:24:41"
"Michael Anderson","3","not recommended","2","Barbara Key","2010-11-28 18:22:53"
"Jennifer Anderson","2","not recommended","2","Shaun Curry","2012-10-09 09:40:14"
"Kyle Hoffman","5","good","4","Melvin Faulkner","2013-01-25 17:24:00"
"Matthew Richmond","2","not recommended","3","Lori Butler","2010-05-02 20:41:00"
"Mary Clark","4","good","3","Joseph Hoffman","2020-11-25 05:32:16"
"Jodi Jackson","5","good","4","Lisa Carlson","1980-10-31 19:33:07"
"Angela Price DDS","3","not recommended","3","Fred Thompson","2022-01-02 02:24:00"
"Benjamin Anderson","5","good","2","Brandon Gray","2000-03-23 08:26:17"
"Sarah Dougherty","5","excellent","5","Erica Brown","2010-11-29 14:42:11"
"Daniel Moore","4","good","2","Brendan Perez","2009-02-06 04:39:56"
"Jackson Nelson","5","excellent","4","Matthew Velasquez","1977-08-08 11:12:14"
"Brent Reese","5","excellent","5","Matthew Wilson","2003-02-27 06:57:23"
"Mary Ferrell","3","average","1","Bruce Johnson","1994-12-08 18:11:59"
"Erin Smith","2","not recommended","2","Grant Anderson","2014-05-21 15:08:17"
"Tanner Price","5","excellent","4","Mary Evans","2003-11-10 01:30:35"
"Jacob Watkins","3","average","5","Cassandra Hull","1972-03-25 09:29:57"
"Thomas Kirk","5","good","1","Katelyn Henderson","2015-01-19 23:58:37"
"Karen Austin","5","excellent","2","Karen Schneider","1996-10-09 21:49:19"
"James Henderson","3","average","5","Jerome Castaneda","2006-08-25 07:05:39"
"Kaitlyn Gomez","5","excellent","2","Adrian Wright","2009-07-02 22:44:49"
"Paul Barry","4","good","1","Jodi Jackson","2014-05-05 01:17:40"
"Deanna Rodriguez","1","bad","4","Tanya Thomas","1991-01-08 09:56:51"
"Ryan Steele","4","good","5","James Henderson","1990-06-04 22:01:06"
"Bridget Brown","2","average","2","Taylor Roberts","1977-09-05 17:08:34"
"Robin Baker","3","average","4","Nancy Smith","2001-06-09 08:42:52"
"Michael Lambert","2","not recommended","2","Robert Woodward","2013-04-01 20:40:45"
"Dawn Perez","3","average","4","Robert Wilson","1977-04-19 14:33:36"
"Leslie Moore","1","bad","5","Renee Edwards","1995-04-08 22:36:09"
"John Rodriguez","5","excellent","2","Alison Patterson","1981-08-13 08:19:18"
"John Butler","4","good","2","Kristin Rodriguez","1974-09-22 19:49:15"
"Brittany Williams","5","good","5","Lisa Grant","1980-07-05 19:33:53"
"Jerry Francis","4","good","1","Joseph Ward","1998-05-05 00:49:20"
"Brandon May","2","not recommended","1","Steven Hopkins","2003-04-07 07:43:26"
"Catherine Morales","1","bad","4","Kyle Hoffman","1993-12-21 19:13:00"
"Christina Mosley","1","bad","1","Gregory Dixon","2018-06-27 20:18:26"
"Alicia Sanders","1","bad","2","David Gross","1974-08-07 10:37:05"
"Nathan Rodgers","2","not recommended","3","Rachel Davis","2018-02-10 21:46:39"
"Todd Beasley","3","not recommended","1","Charles Russo","2012-12-17 03:08:51"
"Maria Chavez DDS","2","not recommended","2","Jill Alvarez","1971-07-28 12:52:46"
"Barbara Key","1","bad","3","Albert Davis","1978-05-25 23:42:30"
"Steven Bauer","2","average","5","Laura Patterson","1977-12-04 16:31:35"
"Renee Edwards","1","bad","2","Bradley Andrews","1985-11-05 07:53:45"
"Kyle Matthews","3","average","4","Jesus Gordon","1984-12-23 21:24:32"
"Scott Williams","3","average","2","Rachel Miller","2003-12-01 21:26:38"
"Jose Mays","2","average","1","April Hendricks","2001-01-27 05:23:35"
"Ryan Park","5","excellent","5","Brandon Simon","1988-03-16 19:25:05"
"Aimee Robinson","1","bad","5","Bruce Johnson","1992-10-13 11:27:57"
"Dalton Watson","5","excellent","4","Mark Oneal","1982-10-16 13:30:15"
"Mark James","1","bad","3","Mark Mays","2020-08-24 09:19:57"
"Michelle Ramirez","4","good","3","Dawn Perez","1989-02-12 17:04:16"
"Stephanie Roberts","3","not recommended","3","Russell Walker","1992-10-02 09:40:46"
"Erin Burns","5","excellent","2","Tammy Garrett","1985-10-07 23:53:08"
"Ashley Blair","3","not recommended","2","Jacqueline Ibarra","1975-03-24 07:16:03"
"Jennifer Lopez","3","average","4","Ashley Baker","1992-11-11 06:23:29"
"Don Taylor","5","good","5","Thomas Kirk","2009-12-28 14:09:02"
"Don Taylor","3","not recommended","2","Jessica Moyer","2009-10-23 18:34:40"
"Laura Kelly","3","average","4","Amber Hall","1972-07-25 05:27:41"
"Charles Russo","2","not recommended","5","Jennifer Garcia","1991-01-10 18:52:03"
"Erin Smith","5","good","4","Melissa Ray","1992-06-25 22:17:16"
"Andrea Mcneil","3","average","4","Tricia Ross","2018-09-07 13:48:13"
"Mr. William Williams MD","3","not recommended","3","John Davis PhD","1992-09-03 16:09:02"
"Johnny Holland","4","excellent","2","Justin Roth","2005-10-28 00:48:08"
"Wendy Young","2","not recommended","3","Bonnie Johnson","1976-11-09 01:57:04"
"Kenneth Bell","2","not recommended","1","Angela Ortega","1992-11-14 06:18:26"
"Billy Nguyen","3","average","5","Michael Mullins","1999-12-09 05:31:38"
"Joshua Douglas","5","excellent","5","Mrs. Jennifer Baker","2006-07-14 02:40:52"
"Kelli Williams","5","excellent","4","Ashley Brooks","1980-07-29 14:47:10"
"Angela Price DDS","5","good","4","Natalie Maldonado","2004-02-04 01:29:23"
"Tammy Carson","3","average","5","Shaun Curry","2009-02-06 04:13:56"
"Benjamin Anderson","1","bad","3","Ashley Hays","2020-01-16 23:01:01"
"Jason Barrera","1","bad","2","Jacob Kelly","2003-06-15 19:39:41"
"Anna Kelly","4","good","3","Juan Gibson","1991-06-14 19:29:51"
"Michael Nielsen DVM","1","bad","1","Paul Cole","1998-06-22 17:09:03"
"Gregory Scott","2","not recommended","5","Benjamin Daniel","2001-08-18 21:54:07"
"Heidi Holmes","4","good","5","Deborah Freeman","2008-09-30 02:52:44"
"Michelle Jones","3","not recommended","5","Randall Sullivan","2012-05-16 14:13:18"
"Megan Henry","2","average","2","David Campbell","1984-07-17 07:41:10"
"Steven Turner","2","not recommended","5","Christopher Brock","1991-02-03 14:56:02"
"Teresa Marshall","5","excellent","2","Jamie Walters","2018-11-09 05:38:44"
"John Rodriguez","3","not recommended","4","Joshua Cook","1981-12-22 18:56:03"
"Erin Jones","1","bad","2","Ralph Hudson","1973-10-18 16:02:19"
"Monica Adams","3","average","4","Oscar Gonzalez","2018-04-30 06:04:42"
"Neil Lynch","3","average","3","Andrew Lindsey","1998-02-02 13:34:48"
"Ashley Newman","1","bad","5","Karen Austin","1997-11-24 12:17:23"
"Lori Richardson","1","bad","5","Megan Nguyen","2001-11-27 20:42:56"
"Laura Hahn","5","good","2","Juan Perry","1986-12-11 13:50:37"
"Jeffrey Bernard","1","bad","3","Sarah Sutton","2015-05-21 04:41:17"
"Lori Richardson","5","good","2","Catherine Joseph","2017-07-02 10:02:00"
"Erika Zimmerman","2","average","3","Jonathan Martinez","1988-11-26 08:25:49"
"Lindsey Jensen","5","excellent","3","Anthony Nelson","1997-09-08 11:46:34"
"Michael Calderon","4","excellent","1","Thomas Kirk","1999-05-13 04:10:11"
"Emily Young MD","5","excellent","2","Angela Jackson","1998-01-06 12:39:41"
"George Wilson","2","not recommended","3","Eric Jones","1990-09-19 07:57:52"
"Thomas Ward","4","excellent","1","Donald Blackwell","2018-08-26 02:10:07"
"Heather Spencer","3","not recommended","1","Patrick Lowe","1994-10-05 02:12:15"
"Christopher Wilson","1","bad","3","Gregory Camacho","2006-10-30 02:12:04"
"Joshua Cook","3","not recommended","1","Dalton Watson","1983-04-16 15:39:24"
"Jodi Jackson","1","bad","3","Mark Tate","2011-04-26 06:12:44"
"Robert Hernandez","4","good","2","Kenneth Ramsey","1981-03-25 08:40:44"
"Edward Reed","5","good","4","Lindsey Robertson","2021-10-17 09:52:37"
"Brandon Martinez","4","excellent","4","Kimberly Mendez","1975-01-24 11:37:46"
"Brian Sanchez","4","excellent","2","Larry Lin","2006-05-29 04:28:53"
"Melissa Matthews","2","not recommended","3","Lisa Davis","1979-11-12 13:00:24"
"Stephanie Roberts","4","good","1","Tracy Nelson","1996-03-06 20:12:08"
"Katelyn Henderson","3","not recommended","4","Monica Adams","1979-05-07 13:35:05"
"Christopher Brock","3","average","2","Erik Pennington","1998-08-26 22:16:48"
"Scott Lambert","2","not recommended","5","Mr. Jeffrey Baker","2013-04-19 01:26:26"
"Mr. Benjamin Mayo","5","excellent","3","Brian Murphy","1981-11-05 04:32:07"
"Susan Meyer MD","2","not recommended","1","Bonnie Johnson","1990-03-03 10:58:51"
"Jennifer Palmer","1","bad","1","Derek Miller","2002-01-15 00:14:21"
"Deborah Brooks","3","average","2","Marcus White","1991-01-01 23:39:00"
"Catherine Humphrey","3","not recommended","1","Thomas Kirk","2009-07-12 22:38:21"
"Melanie Parker","1","bad","3","Shelley Horton DVM","2016-12-26 21:13:49"
"Eric Smith","1","bad","4","Angela Mccullough","2001-07-22 20:28:23"
"Ronald Benitez","5","good","4","Michelle Jones","1984-06-15 20:02:46"
"Maria Chavez DDS","2","not recommended","4","Eric Smith","2011-09-20 12:02:15"
"Jonathan Taylor","2","average","4","Allen Martin","1987-05-10 18:28:22"
"Lisa Hunter","1","bad","5","Fred Thompson","2011-08-27 02:08:03"
"Jacob Peterson","2","not recommended","5","Adam Hull","1996-05-11 01:46:34"
"Heather Rodriguez","4","good","1","Isaac Ferguson","1981-08-18 20:07:01"
"Scott Morgan","5","good","3","Michael Smith","2019-08-02 23:28:03"
"Mrs. Jennifer Baker","1","bad","5","Shawn Curtis","1972-09-03 04:49:56"
"Julia Becker","2","average","4","Teresa Dunn","1998-07-28 08:19:15"
"Angela Ortega","5","excellent","1","Fred Thompson","1990-06-29 17:10:16"
"Laura Jones","5","excellent","2","Michelle Bell","1976-05-17 22:14:41"
"Joel Boone","4","excellent","2","Melissa Anthony","2014-08-03 13:34:04"
"George Walker","4","good","1","Stephanie Taylor","1998-12-06 05:54:52"
"Alexis Velez","3","not recommended","2","Kelly Schmitt","1972-02-09 18:18:21"
"Alexander Pope","5","good","4","Scott Lam","1992-03-01 13:38:47"
"Andrea Holloway","5","excellent","2","Julia Jackson","2003-11-15 01:56:49"
"Heather Krueger","2","not recommended","4","Sarah Sutton","1985-05-06 16:03:35"
"Jacob Peterson","5","excellent","2","Kaitlyn Gomez","1992-03-17 01:11:34"
"Frederick Rosales","2","not recommended","2","Juan Gibson","2010-10-09 09:45:24"
"Hayley Harris","2","average","5","Margaret Carney","1978-11-12 06:41:36"
"Kevin Schneider","5","excellent","1","Amy Carroll","2001-01-28 15:32:57"
"Eric Jacobs","5","excellent","5","Steven Lester","2008-10-10 06:53:32"
"Heather Carter","2","not recommended","1","Lori Butler","1977-04-06 12:12:42"
"Scott Lam","3","average","4","Melissa Anthony","1983-03-20 12:31:48"
"Julie Butler","4","excellent","3","Anthony Silva","2019-10-29 06:54:29"
"Gerald Lynn","1","bad","3","Richard Howell","1986-09-24 12:32:45"
"Matthew Jimenez","4","good","2","Hannah Reyes","2004-11-28 23:45:12"
"Kevin Crawford","3","not recommended","2","Allen Martin","1988-12-25 01:54:08"
"Ralph Hudson","3","not recommended","5","William Sexton","1989-04-13 08:41:13"
"Susan Stanton","2","not recommended","1","Maria Chavez DDS","1994-07-03 20:17:11"
"Jessica Kim","2","average","1","Ariana Andrade","1992-01-17 12:54:50"
"Calvin Powers","5","good","1","Nicholas Nichols","1986-08-09 00:07:52"
"George Daniels","3","not recommended","5","Ryan Price","1972-02-11 04:45:24"
"Michael Jackson","4","good","3","Deanna Turner","1977-09-14 23:49:24"
"Heather Rodriguez","4","good","5","Sarah Dougherty","1972-07-16 22:47:53"
"Jennifer Lopez","3","average","5","Christopher Hall","2019-07-31 13:26:47"
"Joshua Berg","3","not recommended","2","Andrew Rodriguez","2001-03-09 20:44:50"
"Jacob Kelly","1","bad","1","Nancy Miller","2003-01-05 08:29:00"
"Brittany Stokes","2","not recommended","2","Shawn Graham","2012-06-21 17:56:29"
"Teresa Green","4","excellent","3","Dennis Olsen","1995-12-25 09:03:39"
"Kara Martin","3","average","2","Donna Keller","2009-09-10 16:27:52"
"Laurie Williams","3","not recommended","3","Marvin Ward","1974-06-17 23:28:46"
"Eric Aguirre","4","good","3","Cameron Sherman","1974-10-02 19:39:05"
"Richard Chandler","5","excellent","1","William Blevins","2009-10-17 11:52:27"
"Robert Woodward","2","average","3","Sara Ford","1984-09-04 06:39:44"
"Dalton Watson","1","bad","3","Ashley Newman","1976-05-24 18:52:02"
"Samantha Hamilton","1","bad","3","Joseph Ward","1995-01-18 23:52:41"
"Patrick Lowe","2","average","3","William Morris","1971-02-06 23:26:07"
"Victoria Fields","4","good","1","John Taylor","1971-11-25 07:27:09"
"Jay Perkins","3","not recommended","5","Judy Williams","1973-06-16 15:43:39"
"Patrick Rice","4","excellent","5","Anna Kelly","1979-10-27 06:00:20"
"Benjamin Riley","4","good","5","Tiffany Ward","2019-06-07 16:18:20"
"Jonathan Villegas","1","bad","5","Lisa Grant","2014-06-23 18:32:56"
"Carol Casey","2","not recommended","2","Peter Calhoun","2005-01-31 23:49:22"
"Mr. Joshua Walker","2","average","5","Deborah Preston","1998-06-09 10:43:16"
"Peter Calhoun","4","excellent","2","Deborah Brooks","2020-03-12 10:17:59"
"Mr. David Keller","1","bad","1","Jason Barrera","2000-01-07 05:49:36"
"Dawn Dunn","4","excellent","2","Shawn Graham","2016-10-15 21:16:10"
"Tammy Griffith","4","excellent","3","Scott Robinson","1994-07-04 16:11:28"
"Dave Taylor","1","bad","2","Jessica Moyer","2014-09-04 03:23:27"
"Sherri Shaffer","5","good","1","Amber Robertson","1981-11-27 18:40:06"
"Douglas English","5","good","1","George Diaz","2021-03-09 18:12:41"
"Jennifer Harris","4","good","1","Anna Kelly","2007-07-22 03:43:26"
"Mitchell Davis","2","average","4","Bradley Andrews","2019-02-24 13:51:21"
"Patrick Williams","1","bad","1","Jennifer Anderson","1997-09-07 04:54:23"
"Anna Barry","1","bad","3","Susan Young","1987-03-16 18:00:14"
"Mary Ferrell","4","good","2","Jackie Newman","2001-06-26 20:25:52"
"Dr. Lauren Perez","2","average","1","Angela Mccullough","1997-02-25 05:48:30"
"Melissa Pollard","4","good","2","Melissa Woods","1980-02-21 10:07:41"
"Joseph Gibbs","5","good","4","Collin Sweeney","1991-06-23 19:51:28"
"John Schroeder","1","bad","1","Rachael Gay","1990-08-26 03:13:13"
"Tiffany Ward","5","good","2","Adam Stephenson","1977-03-12 21:56:26"
"Brittany Williams","3","average","3","Brian Murphy","1983-02-01 23:15:28"
"Sabrina Wright","2","average","4","Benjamin Tate","1971-04-18 20:07:40"
"Rebecca Mason","5","good","2","Brittany Aguilar","1986-07-11 02:16:21"
"Anthony Sanchez","1","bad","3","Paige Acosta","2009-05-13 23:29:02"
"Kelly Tucker","2","not recommended","4","Anthony Sanchez","1974-11-26 01:55:47"
"Brian Carpenter","4","good","1","Eric Haney","2011-01-15 00:01:39"
"Peter Lewis","1","bad","1","Tanner Griffin","1986-08-23 03:42:45"
"Karen Schneider","4","good","3","Michael Johnson","1975-05-14 11:36:12"
"Ashley Baker","3","average","5","Theresa Reynolds","2007-02-07 02:50:44"
"Samuel Walters","5","good","5","Felicia Franklin","1998-04-07 22:45:53"
"Breanna Williams","3","average","3","Emily Martin","1996-08-26 11:41:48"
"Lori Rogers","5","good","1","Philip Stevens","1993-11-11 11:06:07"
"Kathy Mcguire","4","good","5","Miss Stephanie Moran","1988-01-28 13:50:07"
"Edward Kemp","5","good","3","Kim Davenport","2015-05-11 14:24:35"
"Michael Cole","1","bad","2","Brittany Erickson","1995-11-23 10:15:36"
"Erin Burns","4","good","4","Raymond Stanley","2009-08-27 20:30:48"
"Brian Hall","2","average","5","Natalie Peterson","2020-06-04 08:32:15"
"Abigail Hernandez","2","not recommended","3","Amber Hall","1985-06-27 02:15:09"
"Robert Hernandez","4","excellent","4","Jared Harvey","2003-04-11 17:36:43"
"Jerome Castaneda","3","not recommended","2","Erin Jones","1972-07-28 05:18:47"
"Kevin Burgess","4","excellent","4","Anna Lewis","2020-12-26 14:18:03"
"Karen Austin","3","average","5","Michelle Ramsey","2004-04-14 23:46:02"
"Peter Lewis","1","bad","4","Sierra Reynolds","2012-03-27 06:02:16"
"Christopher Payne","5","good","3","Kristin Rodriguez","2001-05-23 22:30:06"
"David Gross","5","good","5","Ryan Smith","1979-01-16 19:28:06"
"Kelly Schmitt","4","excellent","1","Scott Morgan","2005-01-03 01:49:03"
"Jamie Walters","5","excellent","3","Beth Young","2006-06-26 02:22:06"
"Steven Weber","4","good","4","Kayla King","1972-04-22 19:35:56"
"Alexis Cooper","4","good","4","Michael Nielsen DVM","1992-02-26 20:47:56"
"Traci Hines","5","excellent","2","Daniel Lawrence","2008-05-26 14:00:56"
"Kathleen Hess","2","not recommended","3","Karen Davis","2022-01-05 23:17:02"
"Elizabeth Webb","3","average","2","Tiffany Ward","1977-05-03 23:48:49"
"Michael Bowers","1","bad","2","Douglas James","1995-07-11 11:22:48"
"Scott Griffin","3","average","3","Matthew Jimenez","2002-06-29 11:57:53"
"Stacey Brooks","2","not recommended","3","Jason Barrera","2012-09-08 10:39:18"
"Paul Moran","2","not recommended","5","Debbie Jordan","2013-08-22 10:11:26"
"Collin Sweeney","1","bad","4","Peter Moody","2013-06-27 15:08:30"
"Jose Mays","4","good","2","Richard Green","2002-04-06 03:59:34"
"Steven Riddle","3","average","4","Corey Cooper","2006-10-06 06:37:32"
"Kenneth Ramsey","4","excellent","5","Melissa Mendoza","2009-12-22 01:47:58"
"Larry Obrien","3","average","4","Nancy Miller","2019-09-19 13:52:18"
"Brian Terrell","5","good","5","Anthony Martinez","2020-12-20 09:43:37"
"Michael Mckinney","2","not recommended","5","Kelly Cobb","1983-04-03 06:23:16"
"Jonathan Walker","3","not recommended","2","Patricia Young","1992-02-11 18:03:30"
"Jonathan Villegas","2","average","4","Susan Stanton","2015-02-08 05:32:00"
"Laura Kelly","2","not recommended","5","Anthony Garcia","1998-12-30 06:10:12"
"Christina Moore MD","2","not recommended","5","Susan Powell","1976-03-20 20:42:10"
"Jenna Parker","5","excellent","5","Justin Hunt MD","2018-03-31 15:33:42"
"Mr. Timothy Foster","4","good","5","Andrew Kane","1988-01-11 10:52:42"
"Tasha Farmer","1","bad","3","Shirley Williams","2020-12-06 16:47:08"
"Mr. David Martinez","2","average","2","Emily Martin","1970-07-17 10:54:38"
"Mitchell Young","5","excellent","5","Sherri Figueroa","2004-09-23 13:04:00"
"Tina Ware","4","good","1","Lori Luna","1988-08-06 11:19:33"
"Anthony Nelson","5","good","1","Michele Stone","1992-10-22 07:30:29"
"Jonathan Villegas","5","excellent","4","Mrs. Sarah Nelson","2006-04-20 07:44:15"
"Bradley Barajas","2","not recommended","2","Cameron Sherman","1984-03-31 14:42:04"
"Elizabeth Webb","2","average","4","Timothy Gould","1989-02-13 17:35:27"
"Ryan Smith","1","bad","2","Andrew Rodriguez","1970-08-09 00:46:04"
"Benjamin Williams","5","excellent","5","Jennifer Mcclure","1988-09-21 08:00:56"
"Nicole Davis","4","excellent","2","Jennifer Mcclure","1983-10-17 13:09:13"
"Aimee Robinson","2","average","2","Amanda Hernandez","1981-05-26 16:07:38"
"Tyler Peterson","5","good","3","Michael Carter","1981-10-26 17:24:09"
"Jonathan Martinez","2","not recommended","4","Adrian Stevens","1999-01-31 02:35:23"
"Linda Patterson","3","not recommended","4","Lori Livingston","1986-11-12 05:04:06"
"Breanna Anderson","1","bad","1","Jessica Welch","1970-07-18 12:55:59"
"Kristen Stephens","1","bad","1","Erik Pennington","1976-07-03 12:37:40"
"Lori Richardson","1","bad","3","James Williams","1985-06-01 20:41:50"
"Anna Blevins","1","bad","3","Ronnie Olson","1997-11-11 07:15:56"
"Robert Hernandez","1","bad","2","Brandon Butler","2012-08-19 03:04:51"
"Susan Stanton","3","not recommended","3","Emily Navarro","2018-12-16 10:05:00"
"Caleb Johnson","5","good","3","Colleen Anderson","1985-01-23 18:26:30"
"Andrew Mcdaniel","2","average","3","Joseph Hoffman","2015-07-06 16:38:16"
"Brittany Peters","3","average","1","Colleen Decker","1978-12-03 18:47:44"
"Melissa Howell","5","good","5","Randall Sullivan","2008-07-01 03:46:26"
"Jessica Kim","3","average","2","Wendy Young","1971-06-19 11:19:41"
"Donald Blackwell","5","good","3","Mariah Flowers","2006-04-21 10:03:44"
"Jeremy White","2","average","3","Susan Stanton","1977-08-21 07:43:32"
"Sarah Buchanan","4","good","4","David Gross","1978-11-23 12:11:41"
"Nicholas Franklin","2","average","4","Patrick Lowe","2014-06-20 01:40:31"
"Cynthia Foster","4","excellent","4","Steven Young","2014-06-25 19:53:56"
"Kevin Burgess","1","bad","4","Tammy Griffith","2005-09-16 08:31:54"
"Angela Jackson","2","average","1","Jason Smith","2003-10-04 18:58:02"
"Karen Austin","3","average","4","Angel Harris","2003-06-02 16:07:06"
"Anita Miller","3","not recommended","2","Brittany Erickson","2007-10-19 08:56:28"
"Breanna Anderson","5","excellent","5","Catherine Carey","2004-08-01 01:51:12"
"Kathleen Hess","4","excellent","1","Patrick Rice","2005-12-02 09:03:29"
"Scott Griffin","5","excellent","3","Joseph Diaz","1978-09-24 19:12:29"
"Maria Chavez DDS","2","not recommended","3","Christopher Howe","1974-03-26 20:41:22"
"Nicholas Gill","5","excellent","2","Michelle Jones","2000-04-01 04:48:06"
"Brandon Simon","4","good","1","Tammie Walton","2021-08-26 18:59:50"
"Bradley Andrews","3","average","5","Susan Meyer MD","1994-06-22 02:41:55"
"Scott Williams","3","not recommended","1","Mark Tate","2015-04-13 06:19:12"
"Jerry Francis","4","excellent","1","Angel Murphy","2021-02-03 04:29:28"
"Sandra Martinez","5","excellent","5","Jeremy White","1971-01-14 10:27:32"
"Michele Lowe","1","bad","4","Patricia Young","2007-06-10 18:50:37"
"Patrick Garcia","1","bad","2","Sarah Villanueva","2017-06-10 19:25:04"
"Lynn Madden","2","average","2","Linda Williams","1995-01-29 18:43:50"
"Joshua Cook","4","excellent","5","Anthony Nelson","2008-10-13 06:42:51"
"Teresa Dunn","4","good","5","Alexis Bradley","1982-08-11 23:49:08"
"Jerry Francis","1","bad","5","Chad Stewart","1988-06-27 14:49:06"
"Michael Smith","5","excellent","1","Patrick Jones","1996-09-03 08:12:15"
"Rhonda Bautista","2","average","3","Brian Clark","1974-12-08 07:22:29"
"Stephanie Burns","2","not recommended","3","Dr. Amanda Moreno","2014-02-19 00:37:58"
"Brent Reese","1","bad","3","Tasha Farmer","1974-08-05 16:52:50"
"Lori Livingston","4","good","5","Paige Brown","1981-07-30 12:50:45"
"Jennifer Perry","5","good","1","Travis Sanders","1980-07-22 07:55:21"
"Matthew Wilson","1","bad","2","Brian Hall","1982-02-09 19:36:05"
"Teresa Green","5","good","3","Michael Flores","1976-02-16 23:24:34"
"Dale Jones","1","bad","5","Amy Glass","2003-06-18 02:14:38"
"Timothy French","4","excellent","4","Ashley Newman","1999-05-25 06:23:06"
"Anthony Martinez","5","good","4","Gregory Myers","1990-11-19 19:00:26"
"Michael Hall","5","good","1","Jasmine Price","2003-02-21 23:28:50"
"Crystal Davis","2","average","3","Sean Mcintosh","1991-07-20 00:42:09"
"Thomas Ward","3","average","1","Christine Schneider","1975-01-29 22:07:36"
"Philip Wagner MD","1","bad","1","Lori Luna","2001-05-27 02:30:27"
"Isabella Harris","2","average","5","Walter Houston","1990-07-10 04:04:32"
"Jeremiah Alexander","5","good","4","Michelle Miller","1989-02-04 11:46:06"
"Terri Banks","2","not recommended","4","Kelly Cobb","1975-12-16 04:41:30"
"Daniel Martinez","5","good","5","Joel Boone","1984-08-31 00:47:38"
"David Garrison","5","excellent","1","Kaylee Ward","2015-06-29 14:29:52"
"Angela Andrews","1","bad","2","Eric Jacobs","1980-11-29 21:05:27"
"Caleb Johnson","2","average","5","Mariah Flowers","1970-02-01 16:52:23"
"Elizabeth Davidson","4","good","1","Mr. Joshua Walker","1970-09-01 13:53:07"
"Christopher Payne","5","good","1","David Black","1978-05-20 05:58:57"
"Joseph Hoffman","5","good","4","James Jacobs","1993-06-17 06:59:32"
"Steven Turner","1","bad","1","Jose Mays","1972-12-12 22:41:35"
"Brittany Jackson","4","excellent","4","Sean Curtis","2011-06-06 20:25:26"
"Dakota Taylor","5","good","5","Marcus Pena","1993-01-05 08:15:42"
"Timothy Kim","1","bad","5","Richard Williams","1992-12-29 19:29:21"
"Jenna Parker","4","excellent","5","Mrs. Kimberly Hodge MD","1998-03-29 03:54:48"
"Shirley Williams","2","not recommended","2","Ashley Hubbard","1983-02-05 16:45:56"
"James Paul","1","bad","2","Brian Terrell","1984-06-28 02:55:12"
"Heidi Shelton","3","average","4","Barbara Key","2002-02-23 00:39:27"
"Sharon Burgess","4","excellent","1","Scott Huynh","1992-04-26 10:50:14"
"Sarah Cruz DVM","2","not recommended","4","Karen Davis","1995-03-31 13:34:36"
"Angela Mccullough","5","excellent","5","Calvin Powers","1977-03-20 04:13:02"
"Melody Reed","2","average","2","Thomas Ward","1985-05-05 03:06:16"
"Taylor Robinson","2","not recommended","3","Michelle Ramirez","2002-01-27 06:47:27"
"Angel Harris","5","excellent","3","Steven Turner","2004-04-12 07:17:02"
"Robert Tapia","2","average","2","Michael Davis","1970-10-01 03:37:09"
"Catherine Joseph","4","excellent","3","Deborah Preston","1980-08-30 09:24:57"
"Tina Arnold","3","average","1","Elizabeth Davidson","2016-06-07 11:26:44"
"Kayla King","1","bad","4","Darius Mccormick","1971-09-17 03:36:40"
"Sarah Harrison","2","average","4","Calvin Powers","2005-03-18 04:44:45"
"Jennifer Rodriguez","3","average","1","Laura Jones","2001-03-10 11:20:58"
"Becky Knight","5","good","2","Deborah Preston","1982-09-19 13:46:06"
"Charles Ross","5","excellent","3","Sarah Maddox","1998-03-01 10:35:00"
"Jake Leon","4","good","3","Mary Harris","1992-11-06 05:40:02"
"Angel Conway","5","good","3","Brian Carpenter","1993-05-12 04:39:45"
"Brandon Gray","3","not recommended","1","Brittany Jackson","1972-10-25 02:03:41"
"Brian Carpenter","4","excellent","1","Dr. Gina Davis","1998-03-27 15:23:55"
"Carlos Robinson","2","average","1","Michael Johnson","1995-03-15 10:43:12"
"Brittany Stokes","1","bad","1","Jonathan Smith","1970-02-28 10:56:59"
"Steven Wilson","2","average","3","Heather Rodriguez","1980-03-03 12:10:26"
"James Walsh","2","not recommended","2","Donna Massey","1979-08-25 16:36:55"
"Tina Ware","2","not recommended","4","Julie Butler","1973-12-17 23:00:09"
"Brian Webb","3","average","1","Michele Lowe","1992-12-30 06:49:33"
"Aaron Martin","2","not recommended","2","Michelle Andrews","1999-09-29 18:27:15"
"Mrs. Sarah Nelson","3","average","5","Mitchell Kim","1980-09-27 13:04:12"
"Brandon May","3","average","4","Erin Trujillo","1991-05-07 15:41:40"
"Angela Ortega","1","bad","5","Jamie Gray","1994-09-09 12:38:13"
"Brooke Moody","5","excellent","5","Jessica Wells","2017-01-30 21:35:50"
"Heather Carter","4","good","2","Robert Brewer","1990-03-27 02:16:51"
"Cynthia Foster","2","not recommended","5","Cynthia Foster","1984-12-20 09:58:48"
"Erin Jones","3","not recommended","5","Catherine Humphrey","1986-11-07 20:33:33"
"Jenna Liu DDS","5","good","2","Kimberly Wells","1983-08-01 18:12:52"
"Abigail Hernandez","4","excellent","1","Christine Schneider","2013-11-09 13:04:20"
"Anna Fox","2","not recommended","4","Darius Mccormick","1976-03-17 05:00:20"
"Joseph Smith","3","average","2","Julia Becker","2013-05-05 21:31:02"
"Dana Bradshaw","1","bad","4","Karen Hernandez","1976-08-26 09:26:20"
"Michelle Andrews","1","bad","1","Robert Wright","1982-01-12 19:53:15"
"Wesley Johnston","4","good","4","Anthony Osborne","2021-02-13 20:29:43"
"Michelle Ramirez","5","good","1","Bonnie Johnson","1971-01-27 17:25:59"
"Scott Lambert","2","average","1","Catherine Park","2004-11-13 17:14:03"
"Donna Massey","1","bad","5","Shawn Curtis","1996-06-14 02:43:37"
"Deborah Smith","3","average","4","Rachel Wilson","1994-03-23 12:48:48"
"David Garrison","3","not recommended","1","Rachel Davis","2005-04-07 03:00:48"
"Amber Robertson","3","not recommended","1","Joy Garcia","1992-10-07 17:48:30"
"Jeff Lee II","5","excellent","3","Richard Rodriguez","1994-08-15 11:27:50"
"Maria Chavez DDS","5","good","3","Carlos Robinson","2020-05-31 11:01:52"
"Rhonda Bautista","1","bad","3","Christina Peterson","2004-06-13 11:31:38"
"Daniel King","1","bad","3","Daniel Joseph","2006-07-15 15:28:49"
"Jordan Anderson","4","good","5","Joshua Jones","1995-07-28 12:20:11"
"Christine Schneider","1","bad","3","William Mora","2001-02-13 10:39:50"
"Debbie Adams","4","excellent","1","Jose Mays","1988-04-22 04:12:59"
"Paula Lewis","3","not recommended","4","Patrick Williams","1991-10-07 07:28:27"
"Robert Wilson","1","bad","5","Patrick Williams","1977-01-11 23:34:51"
"Jessica Green","1","bad","4","Jonathan Smith","2001-01-19 17:52:28"
"Tasha Farmer","3","not recommended","2","Brian Sanchez","2000-11-05 19:32:14"
"Adam Stephenson","4","good","1","Tammy Myers","2010-01-08 22:55:36"
"Mary Jacobs","3","not recommended","5","William Garza","2014-06-15 19:55:07"
"Joel Boone","5","good","1","Susan Fisher","1971-03-26 04:58:57"
"Kristin Rodriguez","5","good","4","Joshua Cook","2013-11-21 02:55:44"
"Matthew Cantrell","3","not recommended","3","Jennifer Rodriguez","1985-05-09 00:08:59"
"William Barry","4","excellent","4","Angel Murphy","2021-07-21 21:56:58"
"Teresa Green","1","bad","2","Amy Taylor","1982-12-09 04:27:45"
"Mark Tate","1","bad","2","Heidi Shelton","1998-10-03 13:09:41"
"Gerald Martin","1","bad","4","Jennifer Lopez","2003-12-26 08:29:04"
"Jade Ryan","5","good","2","Barbara Key","1981-03-02 12:09:28"
"Katherine Hughes","2","average","1","Annette Brown","1982-07-25 03:47:01"
"Dawn Dunn","3","not recommended","5","Jennifer Garcia","2001-05-24 14:32:55"
"Brandon Martinez","1","bad","4","Nicole Webb","1977-07-31 07:23:59"
"Richard Howell","3","average","5","April Hendricks","2009-10-07 14:11:08"
"Kim Davenport","4","excellent","5","Paula Hansen","2014-11-16 20:26:35"
"Deborah Freeman","4","excellent","2","Erin Smith","1999-01-16 18:20:43"
"Katherine Hughes","4","good","2","Todd Rodriguez","1980-07-17 06:23:12"
"William Williams","2","not recommended","3","Linda Williams","2009-03-21 19:49:59"
"Natalie Miller","1","bad","5","Philip Wagner MD","1980-08-06 15:09:13"
"Joseph Goodwin","5","excellent","5","Mr. Timothy Foster","2012-05-02 20:05:13"
"Dan Shea","3","not recommended","2","Alexis Bradley","2016-06-16 15:07:33"
"Jason Parker","3","not recommended","2","Marcus White","2016-04-02 14:40:03"
"Jennifer Harris","4","excellent","5","Angela Price DDS","1973-01-21 11:07:52"
"Daniel Rose","5","good","1","Stephanie Stevenson","2012-01-04 17:34:32"
"Dr. Michael Ramirez","5","excellent","5","Sarah Sutton","2020-02-11 22:30:54"
"Michael Lambert","2","average","4","Eric Jacobs","1991-03-16 04:01:21"
"Brent Chase","5","excellent","2","James Ramirez","2017-08-06 21:50:46"
"Anna Kelly","1","bad","5","Karen Hernandez","1996-03-30 19:55:21"
"Rachel Patrick","4","good","3","Andrew Jones","1999-06-15 22:46:34"
"Michelle Tran","4","excellent","1","Emily Watts","1992-01-20 07:53:37"
"Julia Becker","4","excellent","2","Erin Trujillo","2005-04-23 10:11:14"
"Jeremiah Alexander","2","average","2","Jennifer Lopez","2017-10-23 23:43:42"
"Tracy Jones","2","not recommended","3","Sandra Martinez","1990-05-11 15:44:42"
"Christina Moore MD","3","average","5","Elizabeth Davidson","2015-05-19 13:43:00"
"David Griffin","5","good","4","Kyle Hernandez","1985-04-27 09:20:04"
"Kyle Taylor","4","good","1","Kenneth Bell","2014-05-08 20:21:13"
"Jay Melton","2","not recommended","5","Kimberly Smith","2021-08-02 09:48:52"
"Carrie Duncan","5","excellent","1","Carlos Robinson","1988-12-08 00:53:02"
"Tracy Nelson","2","not recommended","4","Stephanie Moore","1994-05-16 21:56:50"
"Amy Watkins","4","excellent","1","Sierra Reynolds","1996-01-16 11:40:59"
"Jeremy Vincent","2","average","1","Kristina Mendez","1996-01-28 10:30:52"
"Margaret Moreno","5","excellent","4","Teresa Dunn","2013-10-31 01:34:46"
"Julia Jackson","1","bad","5","Adam Bell","2020-05-20 15:54:10"
"Deborah Brooks","4","excellent","5","Bruce Clark","2001-09-21 19:55:12"
"Mary Jacobs","5","excellent","4","Anthony Martin","1985-01-31 11:41:06"
"Brian Warner","1","bad","2","Rachel Ryan","1987-11-30 13:19:35"
"Samuel Walters","1","bad","1","Claire Osborne","2007-04-19 02:33:52"
"Joseph Montoya","4","excellent","4","Lisa Carlson","2008-11-10 04:45:28"
"Julie Smith","5","excellent","4","Christina Peterson","2020-07-09 10:17:23"
"Mr. Aaron Wilson","4","excellent","1","Melody Reed","2017-02-27 13:27:30"
"Barbara Key","4","good","2","Joseph Hoffman","2014-03-18 05:35:31"
"Ryan Baldwin","5","excellent","1","Amanda Moore","2003-04-16 18:50:53"
"Deborah Preston","3","average","1","Billy Booker","2002-04-01 05:03:55"
"Jill Thompson","1","bad","3","Jasmine Price","1986-06-28 17:08:06"
"Tanner Griffin","3","average","4","Steven Riddle","2008-06-01 17:20:18"
"Michael Franco","2","not recommended","3","Krystal Vega","1995-08-05 05:33:44"
"Elizabeth Webb","1","bad","4","Daniel King","1985-02-18 20:44:42"
"Cassandra Hull","1","bad","5","Jeffery Johnson","1974-01-14 20:20:40"
"Scott Roberts","3","not recommended","5","Robert Love","2009-05-04 22:23:02"
"Erin Trujillo","1","bad","4","Leslie Garrett","1976-04-23 23:20:42"
"Jake Schaefer","2","average","5","Nicholas Gill","2011-11-26 04:34:29"
"Julie Butler","1","bad","3","Rhonda Bautista","2011-08-14 17:51:44"
"Matthew Cole","4","good","4","John Butler","1999-08-21 01:58:03"
"Lori Frye","2","average","1","Jesse Clark","1986-05-14 00:31:29"
"Melissa Lopez","3","not recommended","5","Mitchell Kim","1972-09-09 21:34:32"
"James Ramirez","3","average","5","Melissa Ray","2012-04-01 20:49:11"
"Robin Baker","2","not recommended","1","Matthew Cole","1991-05-06 03:53:41"
"Dave Taylor","4","excellent","2","Ralph Hudson","2008-06-03 06:44:21"
"Shawn Graham","3","average","4","Steven Lester","2017-08-08 04:44:35"
"Patrick Williams","5","good","4","Casey Cole","2008-07-18 23:48:34"
"Richard Bailey","5","good","2","Daniel Moore","1991-02-03 20:02:23"
"David Henderson","5","excellent","1","Megan Holland","2021-08-22 12:03:53"
"Antonio Moore","3","average","3","Taylor Robinson","1974-10-16 16:04:18"
"Kevin Russo","3","not recommended","3","Anthony Silva","1986-07-27 18:54:42"
"Adam Stephenson","5","good","4","Marcus White","1997-11-27 12:37:59"
"Mr. Jeffrey Baker","3","not recommended","2","Stephanie Burns","2011-06-10 03:46:24"
"Thomas Kirk","1","bad","5","Mark Garrett","1976-07-06 06:23:59"
"Devin White","1","bad","4","Michelle Jackson","1988-06-25 00:11:15"
"Beth Berry","2","not recommended","4","Jason Smith","2015-08-19 15:57:48"
"Shirley Williams","2","not recommended","5","Rachel Hood","2021-03-28 19:00:45"
"Julie Harrison","5","good","5","Julia Becker","1995-07-20 00:01:11"
"Cynthia Foster","2","not recommended","2","Michael Cruz","1977-09-03 15:31:21"
"Benjamin Daniel","2","average","3","Teresa Marshall","2012-07-14 18:16:45"
"Donna Miller","4","good","3","Timothy Gould","1981-10-20 00:23:27"
"Daniel Joseph","2","not recommended","2","Sheila Meyers","2020-03-24 02:49:44"
"Amy Cohen","1","bad","4","Cindy Fuller","1998-06-07 22:35:56"
"Marvin Ward","1","bad","1","Kenneth Stevens","2004-08-21 11:17:17"
"Karen Austin","1","bad","4","Brittany Stokes","1974-09-18 00:03:36"
"Kelly Collins","4","excellent","1","Deborah Brooks","2015-06-10 09:19:03"
"Richard Chandler","1","bad","2","Jackie Newman","1993-11-05 02:41:03"
"Marisa Perez","1","bad","5","Erin Jones","1991-10-14 01:29:56"
"Angela Gardner","5","good","1","William Barry","1981-12-16 05:01:10"
"Robert Love","2","average","4","Kristin Rodriguez","1975-06-18 15:15:33"
"Michael Floyd","2","average","1","Andrew Harris","1979-05-30 17:27:31"
"Tammie Walton","4","good","2","Joseph Diaz","2009-10-09 18:05:37"
"Raymond Stanley","2","average","2","Desiree Luna","2015-08-08 00:42:05"
"Leonard Rojas","5","good","5","Melody Reed","1971-10-18 10:47:01"
"Maria Perez","2","not recommended","3","Lynn Madden","2016-04-23 13:34:55"
"Jennifer Harris","3","average","2","Alexis Bradley","2014-09-14 03:50:11"
"Robert Cross","5","good","5","Clayton Erickson","2000-09-09 04:52:24"
"Jacqueline Campbell","4","excellent","2","Debbie Jordan","2011-08-24 10:43:41"
"Sean Villanueva","3","average","4","Cindy Ramos","2003-05-13 16:43:35"
"Dave Taylor","3","average","5","Stephanie Roberts","1987-03-22 23:10:05"
"Anthony Anderson","1","bad","5","Robin Baker","1986-07-24 01:35:36"
"Kathleen Hess","1","bad","3","Travis Sanders","1974-06-04 13:30:43"
"Angel Wells","3","average","2","Megan Henry","1998-03-03 12:24:35"
"Angela Jackson","3","average","5","Theresa Reynolds","1992-04-08 00:52:30"
"Erica Brown","3","not recommended","2","Kimberly Martin","1991-12-21 13:57:46"
"Paige Brown","3","average","5","Peter Moody","1977-09-25 20:48:38"
"Laura Patterson","4","good","2","Rachel Novak MD","2017-10-17 16:23:34"
"John Rodriguez","1","bad","3","Gregory Graham","1989-10-15 23:05:00"
"Nicole Davis","5","good","4","Jesse Vaughn","1979-10-21 02:33:28"
"Daniel Joseph","3","not recommended","1","Oscar Gonzalez","2014-09-05 17:09:06"
"Desiree Luna","4","excellent","5","Christy Maldonado","1973-10-13 03:37:22"
"Paul Kim","5","good","1","Holly Vargas","2021-08-26 10:22:37"
"Dawn Perez","2","average","3","Richard Chandler","2011-08-17 08:52:37"
"Joel Boone","4","excellent","3","Dakota Taylor","1989-07-10 16:25:07"
"William Blevins","5","excellent","5","Timothy Lopez","1992-11-22 12:01:58"
"Rachel Miller","4","excellent","2","Jeff Lee II","2013-09-07 09:06:27"
"John Rodriguez","1","bad","3","Melissa Brown","2012-12-15 07:14:31"
"Albert Davis","1","bad","5","Rachel Jones","2009-11-08 12:59:13"
"Kelly Collins","4","good","2","Jacob Watkins","1977-12-16 07:53:25"
"Susan Stanton","3","average","4","Dustin Davis","1984-10-26 02:35:39"
"Catherine Park","2","not recommended","2","Christopher Cooper","2013-04-27 04:00:00"
"Angela Gardner","1","bad","4","Jake Schaefer","1976-02-09 16:15:44"
"Walter Houston","3","average","1","David Black","1996-01-26 11:54:03"
"Nancy Miller","4","good","5","Jenna Parker","1976-03-24 16:14:55"
"Matthew Jimenez","2","average","1","Michelle Williams","1975-04-08 11:04:09"
"Aaron Curry","1","bad","1","Donald Miller","2020-12-08 08:37:54"
"Rachel Wilson","3","not recommended","3","Kathleen Smith","1992-05-28 01:36:06"
"Peter Calhoun","3","not recommended","4","Michael Davis","1975-04-14 02:04:38"
"David Campbell","5","excellent","3","Sierra Reynolds","1976-05-11 02:06:54"
"Annette Brown","4","excellent","2","Ashley Baker","2005-07-08 23:24:07"
"Angela Andrews","5","good","3","William Williams","1988-09-26 12:11:30"
"Claudia Reid","1","bad","1","Tanner Price","1978-11-11 22:54:21"
"Scott Williams","3","not recommended","2","Frederick Carpenter","1986-12-24 02:34:33"
"Darrell Anderson","2","not recommended","1","Dr. Hannah Evans","1974-08-20 11:27:08"
"Keith Moore","2","average","2","Steven Lowe","1997-05-11 20:04:40"
"Michelle Miller","2","not recommended","4","Andrew Jones","2018-10-27 19:59:31"
"Keith Moore","5","good","5","Mariah Flowers","1978-09-07 09:36:41"
"Tiffany Johnson","2","average","4","Jenna Liu DDS","1971-06-16 19:30:51"
"Tyler Sims","5","good","5","Mary Jacobs","2021-12-12 05:11:39"
"John Trevino","1","bad","1","Stephen Mccormick","2004-02-04 00:15:08"
"Dawn Dunn","5","good","1","Megan Nguyen","1973-03-29 04:40:43"
"Michael Franco","2","average","3","Sarah Cruz DVM","2008-02-13 10:16:27"
"Jillian Jones","3","average","3","Laura Kelly","2000-01-26 10:44:59"
"Judy Williams","1","bad","3","Michael Rollins","2005-08-20 21:13:32"
"Ryan Price","5","good","3","Stephanie Burns","2004-11-05 08:31:45"
"Melissa West","3","average","1","Brittany Peters","1985-05-20 00:27:59"
"Derek Miller","5","excellent","2","Robert Jackson","1987-04-09 07:51:36"
"Carrie Duncan","4","excellent","4","Andrea Duffy","1983-01-17 04:14:15"
"John Butler","1","bad","2","Sarah Maddox","2008-06-15 16:26:11"
"Angela Ortega","4","good","1","Paul Higgins","2007-11-04 20:21:12"
"Isaac Ferguson","4","good","5","Carlos Robinson","1992-06-27 13:47:39"
"Dakota Braun","4","good","4","Nicholas Howard","2011-04-26 14:06:35"
"Joshua Berg","2","not recommended","5","Samuel Walters","1970-02-12 23:05:53"
"Johnny Holland","3","not recommended","1","Donna Hardy","1982-01-29 13:49:16"
"Brian Hall","2","average","3","John Davis PhD","1999-03-22 10:05:00"
"Tanner Griffin","4","excellent","3","Lisa Solis","1989-04-25 04:18:48"
"Andrew Rodriguez","5","good","4","Daniel Martinez","2002-04-12 07:16:03"
"Aaron Curry","4","good","2","Taylor Robinson","2012-07-02 10:16:11"
"Joseph Ward","1","bad","4","Dalton Watson","1976-05-11 07:07:10"
"Lori Frye","3","average","3","Melissa Mendoza","1990-09-07 04:32:48"
"Brittney Cochran","2","not recommended","2","Daniel Joseph","1995-11-09 01:41:37"
"Abigail Hernandez","3","not recommended","4","Dustin Harrell","2007-07-06 07:00:23"
"Angel Harris","4","good","2","Ronald Benitez","1993-06-07 03:57:34"
"Derek Miller","3","not recommended","4","Hayley Harris","2016-10-28 15:59:23"
"Michael Floyd","1","bad","1","Dennis Olsen","1988-08-06 19:17:31"
"Lauren Thomas","4","excellent","5","Mariah Flowers","1977-05-30 12:43:03"
"Gabriel Gonzalez","1","bad","4","John Kim","2013-06-11 12:51:06"
"Nicholas Charles","3","not recommended","1","Eric Aguirre","2002-08-18 12:46:05"
"Jeremy Vincent","2","average","2","Jill Thompson","1974-09-20 03:05:42"
"Jamie Walters","2","average","1","Sarah Sutton","1990-01-10 08:48:14"
"Kenneth Stevens","2","average","2","Sean Curtis","1990-11-04 13:56:30"
"Jenna Liu DDS","4","excellent","3","Brendan Perez","2016-10-27 17:44:16"
"Elizabeth Pittman","5","excellent","4","Thomas Kirk","1991-03-24 00:39:47"
"Donna Miller","1","bad","5","Tanner Griffin","2020-08-02 20:49:30"
"Tina Arnold","1","bad","4","Sandra Martinez","2005-11-07 02:52:02"
"Natalie Reyes","4","excellent","3","James Paul","1998-01-03 02:05:32"
"Ryan Smith","2","not recommended","4","Kristen Stephens","1971-04-02 11:42:01"
"Walter Houston","5","good","3","Kimberly Mendez","1994-11-07 13:34:21"
"Christopher Hall","2","not recommended","4","Robert Jackson","1973-11-22 18:17:10"
"Angela Ortega","4","good","3","Karen Hernandez","1994-04-16 02:25:10"
"Carol Casey","1","bad","5","Brenda Jones","1970-05-21 18:11:46"
"Mark Oneal","5","excellent","3","Jared Harvey","2001-07-04 22:30:27"
"Amanda Moore","5","excellent","4","Kelly Fleming","1994-10-19 15:39:27"
"Laurie Williams","5","good","4","David Campbell","2005-04-06 10:38:03"
"Doris Harrington","1","bad","4","Robert Wood","1999-12-14 23:45:23"
"Justin Roth","1","bad","3","Courtney Weber","2009-12-12 09:20:13"
"Tracy Jones","2","average","1","Gregory Oliver","2012-01-13 16:35:58"
"Lauren Thomas","4","excellent","4","David Garrison","2004-09-21 18:55:16"
"Isaac Thomas","1","bad","2","Christopher Bryant","2018-07-28 13:53:06"
"Rachel Davis","1","bad","5","Cameron Sherman","1998-11-06 19:38:05"
"Dustin Harrell","2","average","4","Joy Garcia","1980-04-28 14:36:38"
"Dr. Gina Davis","4","good","3","Monica Adams","2006-05-26 02:22:33"
"Robert Ware","5","good","5","Carlos Robinson","1989-11-27 12:36:47"
"Sean Mcintosh","4","excellent","5","Kimberly Rivera","1989-08-26 08:29:13"
"Jason Clark","2","not recommended","2","Steven Lowe","1990-12-12 23:32:00"
"Ariana Andrade","2","average","2","Beth Berry","2001-12-05 22:31:55"
"Jonathan Smith","5","good","2","Jade Ryan","1989-03-10 01:54:24"
"Peter Lewis","4","good","2","Jonathan Taylor","1979-03-12 11:34:14"
"Tracy Nelson","1","bad","3","Daniel Moore","2010-09-16 06:43:56"
"Jennifer Harris","5","good","1","Tracy Jones","1991-03-05 03:44:19"
"Adrian Wright","5","excellent","3","Matthew Cantrell","2014-01-06 08:43:21"
"Robert King","4","excellent","2","Jake Schaefer","1978-04-09 23:14:00"
"Stephanie Juarez","3","average","2","Alexis Bradley","1998-10-16 18:31:25"
"Kara Martin","1","bad","2","Deborah Preston","2005-06-29 17:49:16"
"Carolyn Mack","2","not recommended","3","Robert Love","2006-06-20 06:02:34"
"Mr. Timothy Foster","5","excellent","4","Tina Rodriguez","1974-12-01 14:09:33"
"Nicole Willis","1","bad","2","Cesar Smith","2008-12-25 08:01:38"
"Carla Dillon","3","average","2","Daniel Shepherd","1991-11-19 12:48:54"
"Jerry Dixon","3","not recommended","5","Joshua Cook","2000-12-04 07:07:47"
"Richard Smith","3","average","1","Renee Grant","1988-02-11 00:39:55"
"Sean Curtis","4","excellent","5","Dana Bradshaw","1976-12-21 17:02:31"
"Nancy Smith","5","good","2","Linda Walker","1985-02-13 03:31:28"
"Dan Shea","1","bad","2","Leslie Moore","2006-06-16 14:56:07"
"Scott Brown","5","excellent","5","Taylor Roberts","2005-09-01 03:54:18"
"Dr. Lauren Perez","4","excellent","1","Susan Young","2004-01-22 01:17:46"
"Paul French","1","bad","3","Eric Aguirre","2015-07-29 04:35:46"
"Jennifer Lee","5","good","3","Darius Mccormick","2011-02-21 16:55:52"
"Nicholas Wheeler","2","average","5","Richard Rodriguez","1989-03-26 09:19:11"
"Donna Hardy","1","bad","3","Travis Sanders","2019-11-20 20:47:03"
"Alexander Pope","4","excellent","4","Allen Martin","1995-08-28 16:36:50"
"Cindy Ramos","2","average","3","Jennifer Garcia","1995-11-05 20:33:02"
"Larry Obrien","3","not recommended","2","Becky Knight","1996-06-19 04:58:42"
"Peter Moody","4","excellent","4","Fred Thompson","1998-04-07 12:01:10"
"Victoria Wise","1","bad","4","Michael Rollins","1978-07-24 19:39:10"
"Lisa Carlson","1","bad","4","Jonathan Smith","2002-12-29 21:11:30"
"Albert Davis","5","good","4","Paul Barry","1991-07-03 21:58:14"
"Rachel Williams","3","average","2","Michael Carter","2008-03-14 22:33:33"
"Kathleen Walters","1","bad","3","Gerald Hunt","2014-02-09 06:40:53"
"Michael Smith","4","good","4","Dawn Perez","2020-04-04 11:04:24"
"Richard Chandler","2","average","5","Tyler Graham","2002-09-08 12:53:56"
"Natalie Maldonado","4","good","2","Isaac Ferguson","1970-03-11 06:23:19"
"Patrick Williams","1","bad","4","Tracy Taylor","1999-07-02 09:32:58"
"Brenda Jones","2","average","2","Dustin Morton","1988-07-14 12:11:58"
"Mark Tate","3","average","3","Lance Lane","1980-05-06 11:37:25"
"David Sloan","5","good","4","Gerald Marshall","2020-01-17 23:14:02"
"Johnny Holland","1","bad","1","Bridget Brown","1979-05-27 00:45:49"
"Brenda Jones","1","bad","1","Lori Rogers","1999-02-06 12:00:42"
"Deborah Smith","1","bad","3","Steven Turner","2017-11-19 13:54:09"
"Andrew Pitts","2","average","1","Mr. William Williams MD","1981-10-23 07:17:42"
"William Williams","1","bad","2","Rachel Patrick","2004-08-10 15:35:13"
"Leslie Moore","4","excellent","1","Steven Garcia","1994-12-06 05:35:51"
"Virginia Barnes","5","excellent","1","Amanda Moore","2000-07-21 02:08:41"
"Anna Barry","1","bad","5","Brittany Jackson","2014-10-09 16:09:33"
"Kayla King","2","average","1","Samuel Walters","2003-04-10 14:24:36"
"Marvin Ward","1","bad","4","Kelli Williams","1990-04-20 08:25:33"
"Adam Ball","5","good","5","William Blevins","2006-08-15 05:17:35"
"Tammie Walton","5","excellent","3","Tyler Sims","1980-09-01 02:02:41"
"Kimberly Martin","5","excellent","5","Anthony Martinez","1997-01-14 16:04:07"
"Donna Hardy","2","not recommended","5","Rhonda Bautista","1992-03-10 01:52:06"
"Jerry Dixon","5","good","4","Mr. David Keller","1997-02-27 09:20:07"
"Gregory Watkins","3","not recommended","2","Heather Carter","1981-02-12 22:13:57"
"Melissa Lopez","5","excellent","2","Teresa Dunn","1978-05-23 16:06:17"
"Michael Garcia","1","bad","2","Paige Acosta","2019-02-03 20:09:22"
"Robert Ware","2","average","3","Andrea Duffy","1979-05-29 04:45:15"
"Lori Richardson","1","bad","1","Anthony Lee","1992-06-27 06:56:33"
"Adrian Stevens","1","bad","4","Andrea Holloway","2020-12-12 16:13:34"
"Richard Brown MD","2","average","5","Angel Harris","1989-11-16 21:17:51"
"William Mora","5","excellent","5","Robert Wright","1983-11-08 03:41:52"
"Michael Cruz","3","not recommended","4","Tammy Carson","1985-01-02 21:34:05"
"Anthony Osborne","5","excellent","2","Aaron Martin","2015-04-10 07:06:43"
"Carlos Robinson","5","excellent","3","Julia Rodriguez","2020-08-26 14:08:09"
"Sean Atkins","2","not recommended","2","Anna Barry","1985-05-06 06:36:21"
"Tiffany Johnson","2","average","2","Andrew Lindsey","2009-01-16 21:00:23"
"Desiree Luna","3","not recommended","4","Benjamin Anderson","1999-02-25 01:45:09"
"Matthew Jimenez","4","good","2","Melissa Woods","1975-09-02 13:28:03"
"Jaime Parrish","1","bad","5","Nicholas Wheeler","2003-07-26 21:38:19"
"Sue Norton","4","good","1","Richard Green","1992-05-14 04:49:14"
"George Wilson","2","average","1","Audrey Jackson","1996-01-16 20:02:03"
"Jacqueline Ibarra","4","good","3","Jessica Davenport","2005-01-11 12:50:21"
"Colleen Decker","2","average","4","Stephen Mccormick","2007-10-24 17:11:13"
"Christine Schneider","3","not recommended","1","Matthew Taylor","2004-12-09 06:24:11"
"Katherine Martinez","1","bad","1","Angela Mccullough","2016-03-27 01:15:20"
"Robert Tapia","5","excellent","2","Robert Cross","2018-05-19 15:01:18"
"Christopher Payne","5","good","3","Daniel Rose","1991-10-11 09:25:47"
"Nicholas Carrillo","3","average","3","Margaret Carney","1972-02-06 16:20:02"
"Julia Rodriguez","1","bad","1","Patrick Garcia","1976-11-14 08:56:23"
"Natalie Peterson","1","bad","2","Edward Reed","2000-04-24 02:30:59"
"Mr. David Martinez","1","bad","2","Heidi Shelton","2008-10-30 15:27:16"
"Tyler Sims","4","good","3","Kristin Peterson","1972-08-26 04:33:32"
"Timothy Gould","4","excellent","4","David Gross","1991-12-07 05:43:47"
"Richard Green","3","average","3","Edward Kemp","1997-07-20 06:26:02"
"Joseph Gibbs","1","bad","3","Kurt Crosby","2021-02-13 23:27:59"
"Calvin Powers","2","not recommended","5","Jennifer Garcia","1979-06-26 01:40:44"
"Amber Hall","3","not recommended","1","Alexis Velez","1983-11-14 12:59:58"
"Erin Trujillo","2","not recommended","2","Dustin Harrell","1972-06-24 19:42:30"
"Jasmine Price","3","average","1","Anna Kelly","1999-09-12 17:53:29"
"Sandra Cruz","4","good","2","Samuel Walters","2001-11-09 12:24:57"
"Larry Obrien","3","average","5","Kelly Schmitt","1974-08-11 14:24:41"
"Jennifer Lee","2","not recommended","5","David Black","1974-08-11 20:54:06"
"Christopher Payne","1","bad","1","Rachael Ramsey","1983-02-26 16:15:48"
"Dakota Taylor","1","bad","1","Brandon Simon","1987-02-11 04:35:44"
"Ashley Hubbard","5","good","2","Brian Terrell","2010-09-05 01:03:34"
"Michael Calderon","2","average","4","Nancy Miller","2006-01-06 09:01:48"
"Courtney Weber","3","average","3","Sean Atkins","1989-05-19 18:20:13"
"Robert Wilson","3","not recommended","1","Teresa Marshall","1976-06-06 17:35:08"
"Paul Higgins","5","excellent","1","Michelle Ramirez","2003-09-15 10:09:11"
"Scott Morgan","4","good","4","Amy Carroll","1972-07-05 19:29:17"
"James Ramirez","4","excellent","4","Richard Bailey","2012-11-23 20:23:33"
"Erin Smith","1","bad","1","Ruth Pacheco","1986-12-25 19:44:34"
"John Christian","4","good","4","Tracy Taylor","1972-04-12 01:54:31"
"Heather Pierce","1","bad","1","Kathleen Smith","2002-06-13 05:23:59"
"Lori Rogers","5","good","3","Grant Anderson","2002-05-08 19:55:28"
"Lisa Solomon","1","bad","4","Richard Green","2012-03-13 23:42:50"
"Devin White","5","excellent","4","Allen Martin","1996-09-25 09:41:07"
"John Rodriguez","1","bad","3","Joseph Goodwin","1977-11-06 05:23:22"
"Ashley Brooks","3","average","1","Kimberly Reyes","1986-05-11 16:32:53"
"Antonio Moore","2","not recommended","3","Caleb Johnson","2015-12-23 15:29:28"
"Monica Adams","3","not recommended","4","Patricia Young","1977-04-01 23:38:20"
"Jason Barrera","1","bad","2","Deanna Turner","1978-12-27 09:42:17"
"Rachel Davis","5","good","3","Jennifer Anderson","2016-04-07 06:25:40"
"David Smith","4","excellent","5","David Gross","1970-04-23 13:58:06"
"Abigail Mcmahon","2","average","1","Taylor Robinson","1978-12-17 15:30:38"
"Dustin Davis","3","average","5","Taylor Roberts","1997-06-24 06:16:56"
"Abigail Hernandez","2","not recommended","5","Cassandra Hull","1977-05-30 21:50:52"
"Melissa Ray","2","not recommended","1","Joel Green","1978-01-12 03:30:01"
"James Paul","1","bad","2","Mark Garrett","2014-09-28 11:14:53"
"Dakota Braun","2","not recommended","5","Peter Moody","2013-11-11 14:51:48"
"Bonnie Johnson","3","not recommended","5","Stephanie Hicks","1978-04-18 14:02:50"
"Brenda Jones","1","bad","3","Jesse Vaughn","2002-05-28 10:20:38"
"Marisa Perez","5","good","2","Brian Warner","1977-03-07 18:51:48"
"Paul Cole","1","bad","2","Andrew Mora","1993-06-21 21:57:15"
"Jacob Watkins","2","not recommended","5","Brian Murphy","1996-10-27 16:40:41"
"Mariah Flowers","3","average","2","Clayton Cruz","1970-11-29 05:16:05"
"Laurie Williams","3","average","1","William Blevins","1990-05-08 15:50:00"
"Charles Gibbs","5","good","4","Peter Calhoun","2020-04-03 14:18:57"
"Andrea Mcneil","1","bad","1","Amber Martinez","1998-03-20 17:45:09"
"Robert Wright","5","excellent","4","Shawn Curtis","1972-03-28 04:25:01"
"Bradley Barajas","4","excellent","5","Samantha Edwards","2008-04-09 16:26:38"
"Thomas Kirk","5","good","5","Nicholas Carrillo","2018-07-07 08:46:16"
"Cynthia Foster","5","good","2","Michael Thompson","1979-02-27 05:44:51"
"Shaun Curry","1","bad","5","Natasha Taylor","1994-03-07 15:06:34"
"Jackson Nelson","2","average","4","Tammy Garrett","2015-01-14 14:16:41"
"Kaylee Ward","5","excellent","3","Gregory Watkins","2018-11-28 05:19:00"
"Jasmine Robinson","2","not recommended","4","Megan Holland","1994-01-31 12:26:28"
"Daniel Lawrence","4","good","4","Sean Atkins","1980-12-31 22:45:43"
"Erin Trujillo","5","good","5","Maria Perez","1986-03-23 00:54:21"
"Melissa Brown","5","good","2","Kristin Rodriguez","2007-09-12 02:12:39"
"Mr. Timothy Foster","1","bad","5","Douglas James","1981-06-30 02:21:13"
"Todd Rodriguez","3","average","3","Victor Taylor","2014-06-30 12:18:28"
"Susan Meyer MD","2","not recommended","2","Heidi Shelton","1981-08-26 21:14:50"
"Joseph Brown","2","not recommended","5","Billy Nguyen","2012-09-09 01:17:44"
"Michael Franco","4","good","4","Philip Stevens","2017-06-17 23:31:03"
"David Anderson","2","not recommended","3","Brent Chase","2012-08-31 10:19:33"
"Kimberly Taylor","4","good","4","Cesar Smith","2003-03-23 20:35:03"
"Amanda Hernandez","4","excellent","2","Richard Williams","1972-03-17 00:44:07"
"Wendy Young","4","excellent","4","Angel Murphy","1980-01-10 00:42:34"
"Dakota Braun","1","bad","5","Jordan Anderson","2004-12-09 05:05:04"
"Jennifer Hines","4","excellent","1","Emily Navarro","1992-05-31 16:14:06"
"Sabrina Wright","3","not recommended","4","Victoria Barker","1993-11-14 22:45:41"
"Patrick Rice","1","bad","1","Andrew Harris","2014-01-02 17:25:28"
"Sylvia Stephenson","5","good","2","Lynn Madden","1992-06-17 07:20:36"
"Jose Cervantes","3","average","3","Kimberly Mendez","1984-07-27 14:51:41"
"Kimberly Taylor","3","not recommended","3","Anthony Osborne","1997-02-01 05:00:28"
"Tyler Peterson","4","excellent","3","Amanda Hernandez","1977-11-28 10:10:39"
"Rachel Wilson","3","average","5","Lori Livingston","2018-02-17 13:38:46"
"Theresa Reynolds","3","not recommended","4","Brenda Jackson","1979-02-16 14:12:34"
"Tyler Sims","1","bad","1","Mariah Flowers","2017-10-25 22:16:06"
"Becky Lee","2","not recommended","5","Brandon Simon","2001-04-06 21:34:13"
"Ashley Hays","5","excellent","4","Gregory Scott","2016-06-09 16:45:51"
"William Cooper PhD","2","not recommended","2","Beth Wilson","2010-04-03 14:30:02"
"Kyle Matthews","2","not recommended","4","Lauren Thomas","1975-09-30 02:30:03"
"Shannon Moore","4","good","5","Brian Mckinney","2015-06-26 02:59:03"
"Benjamin Riley","3","not recommended","4","Ashley Brooks","1975-06-27 03:46:36"
"Heidi Holmes","2","not recommended","5","Nathan Barker","2005-08-28 01:18:52"
"Jennifer Ross","5","excellent","5","Patrick Garcia","2001-01-06 18:58:55"
"Tammy Myers","5","good","1","Megan Holland","2017-11-26 06:43:10"
"Jennifer Perry","2","average","2","Rachel Williams","2009-02-10 05:45:12"
"Lauren Thomas","5","excellent","4","Brenda Jackson","1986-04-07 20:36:00"
"Victoria Barker","3","not recommended","5","Andrea Dunn","2000-10-30 23:25:12"
"Rebecca Edwards","2","average","2","Anthony Garcia","2017-07-05 22:42:39"
"Lisa Fox","3","average","4","Lisa Hunter","2003-10-18 03:38:23"
"Andre Jones","3","average","2","Veronica Lucero","2008-10-27 07:39:41"
"Michelle Ramsey","4","excellent","2","Rachel Williams","1987-01-11 09:33:23"
"Ryan Price","2","not recommended","2","Ronnie Olson","1980-09-04 20:17:15"
"Brian Jefferson","4","excellent","3","Miss Stephanie Moran","1980-01-11 17:45:00"
"Kelly Cobb","3","not recommended","2","Jeremiah Alexander","1996-03-29 08:40:30"
"Jason Parker","3","average","4","Michael Floyd","2019-05-29 22:43:12"
"Cameron Sherman","1","bad","3","Paul Barry","1996-11-16 01:24:00"
"Edward Kemp","4","excellent","2","Jerome Castaneda","2012-04-08 08:24:36"
"Scott Morgan","5","excellent","3","Carol Casey","1971-06-15 06:45:36"
"Audrey Jackson","5","excellent","5","Philip Wagner MD","2018-07-15 08:02:17"
"Dakota Braun","5","excellent","4","Catherine Morales","1994-01-14 04:44:50"
"Eric Jones","5","excellent","1","Chad Stewart","2014-01-29 18:26:18"
"Renee Grant","2","not recommended","3","Lori Richardson","2008-06-09 21:06:50"
"Scott Williams","3","not recommended","3","Rachel Miller","2005-08-27 16:24:18"
"Brittany Erickson","5","good","1","Brittany Williams","1973-11-11 18:24:23"
"Jason Parker","5","excellent","5","Ariana Andrade","2004-10-05 20:27:56"
"Kelli Powell","4","good","3","Amanda Moore","1985-10-24 11:35:18"
"Brittany Aguilar","3","average","1","Andrew Kane","2001-04-30 17:26:51"
"Richard Brown MD","5","excellent","4","Joshua Jones","2021-10-27 07:18:26"
"Heidi Shelton","2","not recommended","2","David Smith","1971-11-08 22:15:12"
"Dominique Williamson","3","not recommended","5","Benjamin Nguyen","2012-03-29 04:50:27"
"Jason Conley","1","bad","5","Jesus Gordon","2011-02-16 03:57:18"
"Susan Meyer MD","2","not recommended","1","Patricia Young","1972-02-04 16:26:55"
"Nicholas Charles","4","excellent","2","Susan Fisher","1984-11-13 08:43:52"
"Nicole Miller","1","bad","3","Sarah Maddox","1971-10-04 15:42:03"
"Michelle Bell","4","excellent","2","Michael Flores","2019-12-20 16:27:35"
"Jason King","1","bad","1","Charles Ross","2011-11-16 20:47:17"
"Tanya Thomas","5","excellent","4","Philip Stevens","2002-10-10 19:46:22"
"Renee Edwards","3","average","3","Jordan Anderson","1991-01-26 16:32:55"
"Christine Schneider","1","bad","4","Jack Padilla","1977-01-12 02:41:49"
"Michelle Bell","1","bad","5","Mrs. Jennifer Baker","1971-10-18 14:22:17"
"Wesley Johnston","3","average","1","Robert Tapia","1988-08-09 14:05:40"
"Victoria Wise","3","not recommended","3","Calvin Powers","2017-02-20 06:19:51"
"Michelle Andrews","2","not recommended","1","Catherine Joseph","1974-08-01 11:19:41"
"Nicholas Gill","4","good","5","Joseph Henderson","2018-10-04 22:59:17"
"Nicholas Shaffer","3","not recommended","1","Michael Hunter","1982-05-08 03:55:44"
"Stacey Mccullough","3","average","4","Kelli Powell","1980-05-24 21:13:57"
"Timothy Gould","4","good","2","Anthony Osborne","2018-01-06 02:28:38"
"Barbara Key","4","excellent","5","Bobby Riley PhD","1977-06-13 04:51:03"
"Jeffery Johnson","1","bad","2","Paula Lewis","1995-08-26 09:40:06"
"Ashley Hubbard","4","excellent","5","Jesus Gordon","2022-02-20 02:43:06"
"Margaret Moreno","4","good","5","Christina Mosley","1993-10-15 04:26:17"
"Leslie Garrett","3","not recommended","4","Melissa Pollard","1990-10-21 00:56:27"
"Sandra Cruz","5","good","1","Miss Stephanie Moran","2000-10-05 12:01:29"
"Brandon Gray","1","bad","1","Maria Chavez DDS","2018-03-07 17:49:21"
"Jessica Davenport","3","average","2","Donald Miller","2015-06-17 00:41:47"
"Virginia Barnes","4","excellent","5","John Butler","2002-04-03 20:54:55"
"Traci Hines","3","not recommended","2","Virginia Barnes","1994-10-20 23:20:10"
"Dr. Lauren Perez","4","excellent","2","Brian Webb","2020-11-17 13:15:30"
"Lisa Fox","4","good","2","Daniel King","1985-09-21 06:36:47"
"Rachel Miller","2","average","5","Daniel Whitaker","1999-07-26 00:51:53"
"David Garrison","5","excellent","2","Mark Garrett","1972-10-25 21:06:00"
"Allen Martin","3","not recommended","2","Sarah Cruz DVM","1971-11-09 02:32:06"
"Taylor Robinson","5","good","2","Dr. Lauren Perez","2021-09-11 16:50:00"
"Michael Rollins","5","good","3","Adam Ball","1987-09-01 00:55:39"
"Lance Lane","1","bad","4","Kurt Crosby","1976-10-06 07:10:18"
"Monica Adams","3","average","2","Claire Osborne","2016-01-09 22:14:33"
"Rhonda Peterson","1","bad","5","Sean Villanueva","1990-03-08 07:54:53"
"Donna Hardy","4","good","5","David Sloan","1980-09-07 19:44:29"
"Daniel Martinez","4","good","4","Tracy Jones","1988-07-24 09:22:31"
"Steven Wilson","5","good","1","Kimberly Rivera","2019-11-20 09:09:32"
"Deanna Turner","1","bad","5","Bradley Barajas","1971-03-15 23:19:09"
"Marcus White","4","excellent","4","Craig Taylor","1998-07-07 16:45:37"
"Matthew Byrd","1","bad","4","Paul Good","1976-12-24 13:38:36"
"Melissa Lopez","3","not recommended","4","Jeffrey Bernard","1978-11-29 09:52:33"
"Carolyn Mack","2","average","1","James Bradford","1979-08-01 22:29:37"
"Christopher Brock","4","excellent","4","Richard Green","1996-03-11 15:40:06"
"Charles Russo","1","bad","3","Anna Blevins","2004-09-21 03:15:04"
"Tyler Sims","2","average","1","James Paul","2003-12-04 01:50:08"
"Charles Russo","3","not recommended","1","Deborah Freeman","2001-03-09 18:23:05"
"Anthony Martin","2","not recommended","5","Kristin Peterson","2013-12-11 23:48:20"
"Jennifer Rodriguez","3","average","3","Robert Wright","1979-03-26 11:25:15"
"Mark Haley","5","excellent","5","Ryan Hopkins","1975-07-22 12:20:46"
"Christopher Bryant","1","bad","5","Marcus Pena","2014-02-15 22:52:42"
"Dr. Hannah Evans","5","excellent","4","Dustin Gill","2019-04-18 07:10:52"
"Michelle Tran","3","not recommended","2","John Kim","1971-11-29 11:33:07"
"William Ramirez","3","not recommended","1","Jodi Fox DDS","2003-08-03 10:28:13"
"Calvin Powers","1","bad","1","Michael Rollins","2000-02-24 03:45:49"
"Susan Fisher","5","excellent","3","Adam Hull","1980-10-08 11:47:45"
"Daniel Moore","1","bad","1","Linda Ruiz","1973-01-01 11:29:22"
"Holly Stone","5","excellent","3","Alexis Bradley","1995-09-04 15:59:47"
"Eric Jones","2","not recommended","3","Matthew Taylor","2000-10-06 19:12:55"
"Eric Jacobs","2","not recommended","1","Helen Shea","1987-09-09 23:54:07"
"Bobby Riley PhD","4","excellent","5","Robert Wright","1975-07-27 12:20:52"
