"Carol Casey","John Rodriguez","3","average","2","2017-06-20 23:37:39"
"Joshua Douglas","Clayton Cruz","3","average","1","2016-01-07 09:18:53"
"Michelle Alexander","Jonathan Taylor","3","not recommended","3","2020-07-21 02:13:30"
"Julie Smith","Stephanie Juarez","5","good","3","2019-07-21 21:20:18"
"Jasmine Robinson","Dale Jones","3","average","2","2017-04-20 22:35:45"
"Adam Stephenson","Natalie Miller","3","not recommended","4","2021-07-15 18:45:29"
"Juan Perry","Brittany Aguilar","4","good","4","2020-12-15 09:43:27"
"Melissa Lopez","Kyle Hoffman","1","bad","1","2021-05-10 01:53:10"
"Ryan Smith","Julie Smith","2","average","2","2017-12-28 20:38:37"
"Nicholas Wheeler","Tammy Griffith","1","bad","2","2018-02-03 11:08:59"
"Angela Price DDS","Tracy Taylor","4","good","4","2019-03-15 10:58:44"
"Dawn Perez","Kevin Russo","3","not recommended","5","2021-10-26 00:09:15"
"Brandon Martinez","Devin White","5","good","2","2017-10-30 04:02:53"
"Mark Tate","Lori Richardson","4","excellent","1","2017-08-15 17:17:09"
"Victoria Wise","Bradley Andrews","4","good","2","2017-05-24 02:55:51"
"Catherine Yates","Mary Clark","3","not recommended","2","2020-02-27 23:22:59"
"Wendy Young","Bruce Clark","3","average","3","2020-06-12 02:21:04"
"Nicholas Warren","Angel Conway","3","average","5","2016-04-27 23:25:59"
"Nicholas Smith","Kimberly Dennis","1","bad","2","2019-08-31 07:27:29"
"Rhonda Bautista","Linda Ruiz","1","bad","2","2016-11-07 15:01:59"
"Brian Mckinney","Jeffrey Gomez","5","good","1","2019-07-13 12:05:12"
"Ashley Hays","Miss Stephanie Moran","2","average","2","2021-04-01 09:34:22"
"Megan Holland","Mr. William Williams MD","3","average","2","2019-04-07 12:27:50"
"Kyle Hoffman","Crystal Davis","2","not recommended","3","2020-08-10 14:51:25"
"Stacy Garcia","Barbara Key","2","average","1","2020-06-01 01:14:58"
"Angela Jackson","Clayton Cruz","2","average","3","2020-02-27 05:23:30"
"Lisa Carlson","Robert Brewer","2","average","2","2019-07-21 09:49:15"
"Mrs. Kathryn Howard","Tyrone Garcia","5","good","3","2016-08-14 11:20:44"
"Lori Richardson","Jose Cervantes","5","good","5","2016-02-04 14:53:50"
"Dustin Gill","Donna Johnson","2","average","1","2016-10-15 06:49:32"
"Catherine Carey","Dakota Braun","4","good","2","2018-05-08 04:08:52"
"Scott Griffin","David Sloan","5","excellent","4","2019-11-02 15:36:38"
"Joseph Goodwin","Susan Fisher","3","average","4","2016-02-18 21:45:53"
"Steven Weber","Jenna Parker","4","good","5","2018-06-17 17:41:45"
"Gabrielle Daniels","Brenda Jones","4","good","2","2018-03-01 21:36:49"
"Stephanie Stevenson","Christy Cook","2","average","1","2019-02-21 20:16:23"
"Albert Davis","Sherri Shaffer","5","good","4","2016-07-30 07:38:14"
"Christopher Payne","Anthony Garcia","1","bad","4","2020-12-10 22:49:15"
"Courtney Weber","Sylvia Stephenson","1","bad","1","2019-04-18 14:29:09"
"Fred Thompson","Becky Lee","4","good","1","2021-07-25 23:21:07"
"Kimberly Dennis","William Ramirez","2","not recommended","4","2018-02-26 08:32:12"
"Lisa Moore","Kelly Tucker","2","average","5","2017-06-16 20:07:26"
"Brittney Baker","Michael Nielsen DVM","4","good","5","2018-11-12 07:24:22"
"Robert King","Benjamin Williams","5","excellent","1","2021-01-26 08:21:50"
"Bridget Brown","Alexis Cooper","1","bad","2","2016-06-10 22:30:59"
"Crystal Pierce","Brenda Jones","4","good","1","2016-06-06 12:00:16"
"Paul Good","Penny Munoz","3","average","3","2021-11-21 12:17:13"
"Jessica Welch","Mark James","2","average","1","2018-11-10 00:51:31"
"Linda Walker","Arthur Arellano","2","average","4","2016-01-29 04:21:21"
"Jessica Wells","Nathan Rodgers","4","excellent","4","2020-05-03 13:51:44"
"Jonathan Smith","Mark Tate","5","good","4","2016-08-08 21:26:55"
"Sierra Reynolds","Michelle Cisneros","3","average","5","2022-04-05 00:09:32"
"Sharon Burgess","Paula Lewis","3","average","1","2016-04-02 23:30:43"
"Sheila Meyers","Ashley Baker","5","excellent","5","2019-03-19 19:03:14"
"Adam Stephenson","Maria Perez","5","good","3","2020-02-13 03:09:21"
"John Christian","Brenda Jackson","4","good","3","2021-08-23 23:47:54"
"Elizabeth Davidson","Beth Young","4","excellent","4","2017-05-31 02:48:54"
"Corey Cooper","Jackie Newman","1","bad","5","2019-05-02 16:13:25"
"Timothy French","Julie Smith","4","excellent","3","2016-05-19 10:21:33"
"Benjamin Daniel","Sarah Cruz DVM","5","excellent","1","2017-12-22 03:26:54"
"Kim Adams","Scott Lam","1","bad","4","2020-07-24 08:15:44"
"Sheila Meyers","Tim Ramirez","3","not recommended","5","2020-07-30 03:03:31"
"Catherine Carey","Angel Harris","1","bad","5","2020-06-05 21:37:30"
"Nicholas Howard","Kathleen Hess","2","not recommended","2","2016-01-26 03:17:39"
"Douglas James","Cameron Sherman","3","average","1","2017-05-01 04:18:13"
"Jennifer Perry","Matthew Cole","1","bad","1","2019-11-13 11:43:18"
"William Ramirez","David Gross","5","excellent","1","2022-01-04 07:39:50"
"Lisa Johnson","Mitchell Young","4","excellent","1","2019-09-12 11:53:20"
"Brian Terrell","Lori Luna","3","not recommended","4","2017-01-09 07:12:18"
"Scott Morgan","Michael Calderon","1","bad","3","2017-01-30 21:04:41"
"Mark Tate","Melissa Brown","4","excellent","4","2016-06-09 22:53:07"
"Brandon Martinez","Jason Thompson","2","not recommended","2","2021-11-11 20:24:44"
"Brenda Jackson","Crystal Davis","5","excellent","2","2016-09-25 05:49:56"
"Mary Allen","Thomas Ward","2","not recommended","1","2021-11-16 14:59:59"
"Kelli Powell","Crystal Davis","1","bad","2","2018-11-21 17:12:59"
"Richard Williams","Ronald Benitez","3","average","4","2020-11-26 08:42:11"
"Matthew Richmond","Andre Jones","3","average","4","2016-02-17 00:27:08"
"Maria Perez","Paula Lewis","4","good","5","2017-06-27 15:39:08"
"Nicole Miller","Michael Delgado","4","good","5","2019-11-19 15:34:39"
"Shannon Moore","Kimberly Smith","5","good","1","2016-04-03 08:10:49"
"Christy Maldonado","Holly Stone","1","bad","3","2016-12-27 13:14:52"
"Elizabeth Bonilla","Justin Roth","1","bad","3","2021-08-18 17:47:28"
"Sarah Villanueva","Daniel Joseph","3","average","5","2017-11-07 13:15:27"
"Brian Mckinney","Lindsey Robertson","5","excellent","3","2020-04-29 02:17:29"
"Laura Jones","Kevin Johnson","3","not recommended","2","2019-06-12 16:40:52"
"Garrett Wolfe","Sean Mcintosh","4","good","4","2018-01-15 10:00:26"
"Robert Woodward","Catherine Taylor","3","average","3","2020-12-29 09:06:10"
"Karen Austin","Katherine Martinez","3","not recommended","3","2019-11-06 20:29:56"
"Brittany Aguilar","Thomas Ward","2","not recommended","3","2018-06-10 19:14:40"
"Kimberly Dennis","Frederick Rosales","4","excellent","2","2020-01-12 06:31:58"
"Paula Hansen","April Hendricks","5","excellent","2","2021-04-27 23:16:05"
"Michael Johnson","Heather Spencer","4","excellent","3","2021-05-19 08:17:14"
"Paul Cole","Brittany Aguilar","3","not recommended","2","2018-12-31 23:57:40"
"Jeff Lee II","Dustin Richards","3","average","4","2020-05-15 14:38:27"
"Ashley Baker","Michael Floyd","1","bad","4","2017-08-15 00:03:54"
"Alexis Cooper","John Trevino","2","not recommended","1","2021-09-18 16:18:30"
"Tricia Ross","Jason Parker","4","good","5","2019-11-11 13:32:09"
"Jamie Walters","Angela Mccullough","1","bad","3","2016-03-25 15:45:35"
"Scott Lambert","Rachael Gay","5","good","3","2021-03-30 20:29:51"
"Grant Anderson","William Ramirez","3","average","1","2019-04-25 22:00:31"
"Yvonne Hawkins","Dakota Taylor","5","excellent","4","2019-02-19 16:17:33"
"Mrs. Kimberly Hodge MD","Melody Reed","3","average","3","2021-08-19 19:08:28"
"Scott Robinson","Dustin Gill","1","bad","3","2016-07-27 13:01:17"
"Jeffrey Bernard","Tracy Nelson","5","excellent","3","2021-01-20 19:06:08"
"James Bradford","Ashley Blair","2","not recommended","5","2019-03-22 16:26:50"
"Michelle Bell","Lori Luna","5","excellent","4","2016-01-14 10:39:02"
"Mr. Benjamin Mayo","Jason Parker","1","bad","3","2022-02-16 08:28:52"
"Mr. Timothy Foster","Patrick Garcia","3","average","5","2020-05-04 07:42:39"
"Melissa Howell","Holly Vargas","5","excellent","4","2018-08-15 08:29:18"
"Elizabeth Bonilla","Mark Tate","1","bad","5","2020-02-10 07:38:44"
"Michael Cruz","Lori Richardson","2","not recommended","5","2020-09-10 12:18:05"
"Michelle Miller","Angela Price DDS","2","not recommended","4","2016-09-23 17:15:46"
"Caleb Johnson","John Christian","5","excellent","4","2018-07-24 02:03:10"
"Paul Good","Kelli Murphy","2","average","2","2019-09-11 09:02:40"
"Yvonne Hawkins","Christopher Wilson","5","excellent","1","2018-01-21 23:53:01"
"Douglas Byrd","Timothy Lopez","3","not recommended","1","2016-03-02 08:33:19"
"Jennifer Harris","Jerry Dixon","5","good","2","2019-12-21 05:58:14"
"Miss Stephanie Moran","Helen Shea","5","good","4","2021-06-15 12:23:56"
"William Williams","Daniel Lawrence","2","not recommended","2","2017-12-16 20:56:44"
"Deborah Preston","Michelle Miller","2","not recommended","4","2020-08-23 01:31:11"
"Marcus White","Jeremy White","2","average","2","2018-02-07 19:56:41"
"Steven Weber","Mrs. Kathryn Howard","5","excellent","2","2020-01-30 16:12:22"
"Walter Houston","Michael Anderson","3","not recommended","3","2020-03-05 21:32:38"
"Steven Serrano","Billy Nguyen","2","not recommended","2","2021-04-21 20:26:08"
"Jill Thompson","Julia Jackson","1","bad","5","2020-11-23 05:19:55"
"Sarah Harrison","Tammy Griffith","4","excellent","5","2016-06-07 19:08:06"
"Crystal Pierce","Stacey Mccullough","2","not recommended","3","2016-11-27 07:53:23"
"Donna Hurley","Nicole Webb","4","good","1","2020-10-03 02:56:57"
"Joy Garcia","Fred Thompson","2","average","4","2021-10-20 09:20:01"
"Christina Peterson","Stephanie Juarez","1","bad","1","2016-07-09 09:35:29"
"Erin Trujillo","Jade Ryan","1","bad","5","2017-11-09 22:49:43"
"Robert Love","Karen Obrien","2","not recommended","5","2021-08-15 08:58:43"
"Melissa Pollard","Chris Pacheco","3","average","4","2018-11-03 14:01:42"
"Yolanda Wells","Kimberly Taylor","4","excellent","2","2017-11-08 06:56:26"
"Nicholas Warren","Lori Frye","5","excellent","1","2017-06-05 01:09:08"
"Kelly Hayes","Dustin Harrell","4","excellent","5","2016-05-26 22:04:02"
"Dawn Perez","Gregory Graham","1","bad","1","2021-04-30 04:28:37"
"Rhonda Bautista","David Gross","2","not recommended","3","2018-12-02 09:28:35"
"Abigail Mcmahon","Robin Baker","1","bad","1","2017-11-09 05:08:37"
"Sarah Hernandez","Shannon Moore","1","bad","1","2016-05-09 07:51:08"
"Catherine Joseph","Rachel Davis","2","not recommended","5","2017-07-11 22:43:17"
"Jon Hull","Donna Hardy","3","not recommended","1","2018-01-27 10:55:54"
"Alexis Bradley","Christine Schneider","5","excellent","2","2021-07-09 13:40:40"
"Judy Wood","Michelle Cisneros","5","good","5","2016-03-10 17:12:26"
"Tracy Reyes","Amy Glass","4","excellent","3","2022-01-03 23:23:47"
"Kelly Ryan","Kelly Tucker","4","excellent","1","2020-01-23 22:38:12"
"Frederick Rosales","Nancy Smith","2","not recommended","3","2018-11-03 20:24:25"
"Lisa Sanders","Adrian Stevens","5","excellent","5","2021-07-19 17:50:08"
"Beth Berry","Jessica Kim","1","bad","1","2019-09-03 18:02:47"
"Christopher Sullivan","Christine Schneider","3","not recommended","5","2018-11-20 09:17:04"
"Aaron Orr","Brian Murphy","1","bad","2","2017-12-31 05:29:40"
"William Barry","Amy Carroll","4","excellent","3","2018-12-01 10:28:55"
"Jennifer Palmer","Heidi Shelton","5","good","2","2016-08-30 05:36:10"
"Jerry Francis","Dave Taylor","4","good","1","2016-02-27 10:46:53"
"Gabriel Gonzalez","Nicholas Carrillo","4","good","2","2017-07-13 17:16:06"
"Caleb Johnson","Karen Obrien","3","not recommended","2","2020-11-01 22:48:02"
"Michael Cole","Michelle Miller","2","not recommended","4","2019-10-04 08:34:40"
"Gerald Marshall","Corey Hodges","2","average","3","2017-09-09 16:00:05"
"Rhonda Peterson","Robert Woodward","3","average","5","2019-03-28 15:10:50"
"Raymond Barr","Michelle Miller","5","excellent","4","2019-01-28 14:38:31"
"James Howard","Kimberly Lloyd","5","excellent","5","2021-10-22 03:52:44"
"Bradley Andrews","Sean Villanueva","3","not recommended","4","2020-06-06 09:39:54"
"Joel Green","Michelle Cisneros","1","bad","1","2019-07-10 05:54:45"
"Brenda Jackson","Lauren Thomas","4","excellent","3","2020-08-12 02:54:51"
"Theresa Reynolds","Michael Carter","3","average","5","2016-08-07 23:38:53"
"Adam Stephenson","Teresa Dunn","3","not recommended","1","2019-06-09 09:08:24"
"Tricia Ross","Ashley Baker","1","bad","3","2019-04-05 08:09:39"
"Dana Bradshaw","Michelle Morrison","3","average","4","2016-05-31 07:21:37"
"Lauren Thomas","Nicole Webb","5","excellent","4","2016-04-21 12:16:16"
"Walter Houston","Joshua Jones","1","bad","1","2016-08-06 10:24:19"
"Dustin Harrell","Stacey Mccullough","3","not recommended","2","2022-01-17 04:55:32"
"Jill Alvarez","Victoria Barker","4","excellent","4","2019-02-09 21:55:28"
"Brett Thompson","Sierra Reynolds","2","average","4","2019-12-16 17:16:50"
"Mark James","Kimberly Taylor","1","bad","4","2019-03-09 16:00:56"
"Brittney Cochran","John Rodriguez","2","not recommended","2","2019-05-15 20:25:44"
"Gregory Moore","Nicholas Howard","4","excellent","1","2018-08-14 17:49:58"
"Michelle Bell","Anthony Osborne","4","good","3","2017-03-03 13:44:58"
"Jeffrey Grimes","Donna Hurley","5","excellent","1","2016-01-28 23:08:34"
"Andrew Rodriguez","Brittany Jackson","4","excellent","2","2019-08-15 05:45:47"
"Paul Moran","Miss Stephanie Moran","3","average","4","2019-04-16 05:32:54"
"Melissa Mendoza","Tanya Thomas","3","average","5","2017-03-26 16:10:32"
"Brian Terrell","Jeffrey Gomez","1","bad","1","2019-03-15 23:59:32"
"Brian Hall","Christopher Gonzalez","1","bad","2","2021-01-20 09:15:57"
"Katherine Hughes","Marisa Perez","2","not recommended","2","2019-07-18 07:11:03"
"Lindsey Jensen","Tanner Price","4","excellent","2","2019-08-12 09:04:16"
"Amanda Smith","Amy Carroll","1","bad","4","2018-11-16 01:33:11"
"Daniel Rose","Sean Atkins","1","bad","2","2020-03-10 20:07:21"
"George Walker","Stacey Brooks","1","bad","4","2017-11-23 22:34:12"
"Angel Murphy","Timothy Lopez","2","average","2","2018-04-20 21:23:05"
"Raymond Stanley","Ronald Benitez","4","good","1","2021-03-04 00:54:46"
"David Gross","Carl Sanders","1","bad","1","2022-02-04 07:39:31"
"Alexis Cooper","Lori Butler","1","bad","4","2017-03-02 20:07:49"
"Victoria Wise","Benjamin Riley","5","good","1","2016-01-16 01:45:46"
"Dakota Taylor","Timothy Kim","3","average","4","2020-03-02 19:51:43"
"Dawn Perez","Michael Flores","1","bad","2","2019-12-18 08:01:30"
"Leslie Moore","Sierra Reynolds","2","not recommended","3","2021-07-15 08:31:01"
"Gloria Carlson","Maria Chavez DDS","4","good","1","2020-05-12 12:03:23"
"Nathan Mckenzie","Taylor Roberts","2","average","4","2021-10-12 14:25:36"
"Donna Massey","Corey Cooper","5","good","2","2016-06-29 19:52:19"
"Cynthia Herrera","Scott Huynh","4","good","5","2021-09-17 07:46:52"
"Matthew Velasquez","Corey Cooper","2","average","5","2019-05-06 05:51:01"
"Deborah Freeman","Michael Davis","5","good","1","2021-02-04 13:12:01"
"Patricia Young","Becky Lee","1","bad","2","2021-12-26 04:16:22"
"Kimberly Wells","Paula Lewis","1","bad","5","2019-07-22 08:09:39"
"Darrell Anderson","Gloria Carlson","1","bad","3","2021-07-15 03:03:41"
"Andrew Russell","Matthew Cantrell","4","good","1","2021-12-11 02:56:49"
"Susan Barber","Susan Fisher","5","excellent","4","2021-06-13 14:24:16"
"Peter Moody","Julie Smith","5","good","3","2020-08-22 13:14:13"
"Michelle Ramsey","Ashley Newman","3","not recommended","1","2020-01-07 08:12:38"
"Cynthia Foster","Tammy Myers","1","bad","1","2019-03-04 01:42:58"
"Sherri Figueroa","Kyle Hoffman","4","good","4","2019-08-21 19:38:26"
"Nicole Miller","Bradley Barajas","5","good","3","2022-03-27 15:03:17"
"Daniel Martinez","Dennis Olsen","2","not recommended","5","2019-10-03 18:13:46"
"Lori Quinn","Cory Dunn","2","not recommended","2","2017-03-19 20:43:00"
"Steven Riddle","Anthony Martin","1","bad","3","2016-04-01 06:07:31"
"Neil Lynch","Jason King","5","good","5","2018-11-16 12:56:02"
"Lori Butler","Linda Williams","3","not recommended","1","2016-05-22 05:55:54"
"John Davis PhD","Robert Cross","3","not recommended","4","2017-07-29 20:31:24"
"Amanda Smith","Jade Ryan","5","good","4","2021-10-26 14:52:12"
"Isaac Thomas","Daniel Sexton","4","excellent","2","2018-01-26 22:13:29"
"Karen Austin","Mary Clark","1","bad","4","2016-09-06 10:56:19"
"Robert Cross","Patricia Young","1","bad","1","2018-06-14 15:20:23"
"Donald Blackwell","Richard Smith","3","average","2","2021-05-08 18:11:44"
"Tyler Graham","Sabrina Wright","2","average","5","2021-10-14 19:33:18"
"Cesar Smith","Judy Williams","3","average","3","2018-01-18 06:05:39"
"Megan Holland","Sharon Fox","5","good","1","2016-01-30 21:24:35"
"Kathleen Walters","Randall Sullivan","2","average","5","2022-02-08 07:40:36"
"William Sexton","James Ramirez","3","average","5","2020-06-05 01:02:17"
"William Jackson","Stacey Rogers","4","good","4","2018-02-08 08:25:51"
"Lori Luna","David Griffin","2","average","4","2018-02-09 10:49:51"
"Adam Bell","Jack Padilla","4","good","4","2018-12-18 12:00:16"
"Annette Brown","Miss Stephanie Moran","5","excellent","5","2019-01-17 10:38:11"
"Dustin Richards","Kyle Matthews","1","bad","4","2016-11-16 17:36:09"
"Cassandra Hull","Angel Conway","1","bad","5","2018-09-05 17:22:06"
"Lori Frye","Lori Luna","2","average","4","2021-01-02 08:38:34"
"Amy Taylor","Jacob Kelly","1","bad","4","2019-01-20 11:34:39"
"Daniel King","Gregory Watkins","2","average","5","2021-07-09 22:31:13"
"Dr. Hannah Evans","Nicholas Howard","2","average","3","2016-04-18 20:04:38"
"Michelle Alexander","Stacey Mccullough","4","good","1","2018-03-02 08:04:22"
"Natalie Maldonado","Nathan Rodgers","5","good","1","2019-02-25 09:43:02"
"Natalie Jarvis","Scott Brown","5","excellent","3","2021-02-06 13:52:39"
"Nancy Miller","Derek Gonzalez","5","good","3","2018-11-20 02:15:33"
"David Marshall","Cynthia Clay","3","not recommended","5","2019-12-13 08:30:41"
"Jacob Peterson","Christy Cook","1","bad","5","2017-05-06 05:28:22"
"Steven Hopkins","Richard Smith","3","average","4","2018-05-08 12:55:02"
"Kelli Williams","Kyle Powell","4","good","4","2020-09-23 18:45:46"
"Kayla Hood","Sarah Hernandez","5","good","1","2020-08-21 12:01:10"
"Mr. David Martinez","Gloria Carlson","3","not recommended","3","2017-11-20 10:37:07"
"Steven Hopkins","Dustin Gill","1","bad","4","2020-06-07 20:38:05"
"Timothy Clark","Jacob Kelly","4","good","4","2018-04-18 13:57:42"
"David Anderson","Amy Williams","5","excellent","4","2016-12-14 11:16:11"
"Billy Booker","Brian Mckinney","3","average","2","2016-10-15 03:30:07"
"Kayla King","Amber Robertson","1","bad","4","2016-12-15 08:06:46"
"William Jackson","Stephen Mccormick","4","good","3","2016-09-08 04:36:20"
"Jeffrey Grimes","Stacey Brooks","3","not recommended","4","2019-12-06 19:39:51"
"Alexis Velez","Katherine Hughes","2","average","2","2018-05-18 07:10:33"
"Jessica Davenport","William Ramirez","5","good","4","2018-06-04 02:44:30"
"Penny Munoz","Adam Robles","5","good","3","2021-09-16 21:38:24"
"Angel Murphy","Crystal Davis","2","average","1","2017-12-21 22:26:43"
"James Paul","Mrs. Jennifer Baker","3","not recommended","4","2021-03-19 08:36:29"
"George Walker","Julia Jackson","5","excellent","4","2018-12-20 05:00:11"
"Craig Taylor","Tracy Nelson","4","good","4","2020-09-02 03:09:34"
"Heather Rodriguez","William Blevins","4","excellent","4","2022-02-12 22:53:36"
"Derek Miller","Jared Harvey","4","good","2","2019-01-15 08:28:44"
"Joel Boone","Brittany Stokes","4","excellent","2","2019-01-25 12:42:29"
"Angel Conway","Cindy Ramos","5","excellent","1","2018-08-17 02:07:18"
"Robert Woodward","Amber Robertson","3","not recommended","4","2018-04-18 13:47:13"
"Timothy French","Brett Thompson","5","excellent","4","2017-09-07 16:45:21"
"Lisa Solomon","Ashley Hubbard","2","average","2","2022-02-07 22:04:39"
"Timothy Williams","Heather Spencer","2","average","4","2016-02-26 12:11:59"
"Jessica Davenport","Daniel Whitaker","5","excellent","4","2017-06-03 19:54:49"
"Marcus Pena","Stacey Rogers","2","average","2","2020-02-08 13:45:19"
"Michael Mullins","Derrick Velasquez","1","bad","5","2018-09-09 19:04:10"
"Sarah Buchanan","Audrey Jackson","5","excellent","1","2018-06-19 17:22:06"
"Robert Ware","Christopher Bryant","4","good","2","2018-11-06 12:33:38"
"Alexis Velez","Mark Haley","3","average","2","2019-02-28 17:45:49"
"Andrew Harris","Dave Taylor","1","bad","2","2016-08-02 09:08:12"
"Crystal Davis","Andrew Jones","1","bad","2","2016-06-15 22:07:48"
"Jesus Gordon","Heidi Holmes","3","not recommended","4","2021-10-24 04:05:10"
"Sean Curtis","Jason Parker","5","good","2","2021-07-27 23:18:51"
"Rachel Mills","Sabrina Kirby","1","bad","1","2017-12-30 17:07:39"
"Nathan Rodgers","Jordan Anderson","2","average","4","2022-01-30 19:19:48"
"Kyle Taylor","Joel Green","1","bad","4","2016-03-04 17:45:46"
"Kelly Ryan","Derek Gonzalez","4","excellent","1","2019-02-28 21:49:38"
"Justin Roth","Natalie Miller","1","bad","5","2021-11-18 10:20:06"
"Debbie Adams","Lisa Hunter","3","not recommended","4","2019-11-25 20:45:59"
"Stephen Mccormick","Holly Gibson","5","excellent","3","2020-08-19 19:35:14"
"Melody Reed","Teresa Green","2","average","5","2016-01-28 14:19:24"
"Kayla King","Mr. Jeffrey Baker","5","excellent","3","2016-06-26 02:55:45"
"Crystal Davis","Eric Smith","2","average","2","2017-08-02 21:11:56"
"Christopher Brock","Randall Sullivan","5","excellent","1","2016-12-12 14:49:37"
"Dan Shea","Kathleen Walters","1","bad","4","2019-02-15 13:45:14"
"Christopher Payne","Andrew Kane","5","good","1","2019-08-26 02:29:17"
"Jennifer Garcia","Daniel Joseph","3","not recommended","1","2018-07-24 07:15:51"
"Beth Berry","Timothy Kim","1","bad","5","2020-08-11 21:30:00"
"William Jackson","Lori West","4","excellent","1","2020-07-16 02:15:06"
"Maria Perez","Anthony Osborne","4","good","4","2017-02-10 13:09:59"
"David Gross","John Rodriguez","3","not recommended","3","2019-06-22 16:18:55"
"Anthony Garcia","Nicholas Howard","3","average","4","2019-08-22 08:52:49"
"Angela Andrews","Tina Rodriguez","5","good","4","2016-05-20 19:33:12"
"Angel Murphy","Rachel Wilson","3","not recommended","1","2020-02-28 10:28:11"
"Brett Thompson","Arthur Arellano","3","average","3","2016-02-04 03:44:35"
"Steven Young","Adrian Stevens","3","average","5","2019-12-23 04:56:27"
"Kelly Collins","Jessica Grant","3","not recommended","1","2016-02-25 22:02:35"
"Michelle Ramsey","Kathleen Hess","1","bad","2","2020-01-08 14:07:19"
"Marvin Ward","Michelle Ramsey","3","not recommended","5","2017-02-05 14:41:50"
"Audrey Jackson","Angel Harris","3","average","2","2022-02-19 07:55:51"
"Brenda Jones","Lisa Solis","3","average","1","2017-12-21 05:34:57"
"Karen Schneider","Melissa West","3","not recommended","2","2020-06-25 17:30:34"
"Robert Sanchez","Mary Ferrell","2","average","3","2019-09-18 22:47:52"
"David Anthony","Julie Harrison","2","not recommended","3","2016-02-04 13:34:13"
"Edward Reed","Annette Brown","2","not recommended","1","2017-04-30 19:45:03"
"Billy Nguyen","Deborah Brooks","5","good","4","2017-07-16 04:29:25"
"Eric Smith","Anthony Garcia","2","not recommended","5","2019-01-02 06:40:53"
"Lisa Grant","David Sloan","1","bad","4","2019-02-11 17:50:41"
"Frederick Rosales","Eric Jones","4","good","1","2017-12-13 01:43:37"
"Jacqueline Ibarra","Stacey Mccullough","4","excellent","2","2016-08-01 23:03:01"
"Michael Cole","Donna Johnson","1","bad","1","2019-02-05 11:49:02"
"Kimberly Schwartz","Richard Howell","4","good","3","2017-04-13 04:01:12"
"Albert Davis","Sandra Martinez","3","not recommended","2","2020-07-02 08:47:11"
"Melissa Howell","Megan Henry","1","bad","2","2020-01-21 00:44:06"
"Renee Grant","Brian Hall","4","excellent","2","2020-03-26 10:12:09"
"Michael Davis","Sarah Harrison","1","bad","2","2016-12-01 20:43:41"
"Victoria Barker","Nicole Miller","5","excellent","1","2021-12-30 22:54:10"
"Gregory Oliver","Scott Williams","1","bad","5","2022-04-03 15:05:25"
"Lisa Hunter","Billy Nguyen","3","average","2","2017-01-14 01:00:44"
"Taylor Gilmore","Justin Roth","5","good","3","2019-10-04 00:16:28"
"Carol Williams","Matthew Cantrell","3","average","1","2019-12-13 00:18:03"
"Andrew Kane","Kimberly Rivera","3","average","1","2018-11-07 18:47:04"
"Stephen Thomas","Andrew Pratt","3","average","4","2017-04-10 06:56:31"
"Melody Reed","Paul French","3","average","5","2019-05-17 15:55:25"
"Nathan Rodgers","Kathleen Hess","2","not recommended","2","2016-05-01 10:09:56"
"Sabrina Kirby","Melissa Brown","5","excellent","5","2022-03-04 01:44:57"
"Brian Sanchez","Jessica Brown","1","bad","2","2016-04-11 17:01:30"
"Julia Rodriguez","Mr. David Martinez","5","good","1","2019-02-15 20:14:16"
"Robert Tapia","John Taylor","4","good","1","2020-07-29 13:13:53"
"David Gross","Steven Turner","1","bad","5","2016-10-27 20:37:18"
"Rachel Miller","Mitchell Young","3","not recommended","3","2019-03-05 11:14:36"
"Mr. Jeffrey Freeman","Brenda Jones","3","average","3","2020-08-31 01:48:26"
"Matthew Jimenez","Taylor Roberts","2","not recommended","2","2021-12-24 17:15:44"
"Carolyn Mack","Mark Haley","5","good","1","2020-02-20 12:09:37"
"Brent Chase","Andrew Mora","1","bad","1","2016-08-01 19:41:30"
"Amy Watkins","David Gross","4","good","3","2017-10-15 13:38:35"
"Angel Conway","Nancy Smith","5","excellent","5","2020-09-27 23:56:39"
"Tiffany Johnson","Michael Anderson","3","not recommended","4","2021-04-22 22:17:31"
"Walter Houston","Eric Jones","1","bad","3","2019-04-20 18:04:18"
"Yolanda Williams","Sabrina Wright","4","excellent","4","2020-10-27 21:10:25"
"Brandon Simon","Rachel Wilson","3","average","1","2018-04-24 06:39:06"
"Adam Ball","Kyle Nelson","4","good","5","2020-04-05 15:41:25"
"Adrian Stevens","Jose Mays","4","good","1","2020-09-16 13:07:37"
"Tim Ramirez","Jack Padilla","1","bad","2","2021-03-09 11:32:43"
"Tracy Jones","Taylor Roberts","2","not recommended","2","2021-12-27 12:41:04"
"Steven Weber","Scott Thompson","4","excellent","1","2016-09-21 14:33:32"
"Robert Wood","Julie Smith","1","bad","1","2021-10-16 10:34:44"
"Gabrielle Daniels","Eric Jacobs","5","excellent","3","2018-01-03 04:56:28"
"Patrick Lowe","Sarah Harrison","3","average","3","2020-02-16 19:01:48"
"Anthony Garcia","James Howard","2","average","4","2021-02-07 16:13:57"
"Bruce Clark","Corey Hodges","1","bad","5","2021-11-24 07:55:14"
"Isaac Thomas","Kyle Matthews","2","not recommended","2","2018-02-25 02:38:33"
"Molly Daniels","Paula Lewis","2","average","1","2016-10-07 08:42:51"
"Mariah Flowers","Thomas Ward","3","not recommended","5","2020-03-27 13:38:25"
"Andrew Kane","Michael Anderson","2","not recommended","3","2016-10-07 21:05:15"
"Aaron Orr","Rachael Gay","4","excellent","4","2017-12-23 13:06:19"
"Andrew Pitts","James Howard","1","bad","2","2022-01-22 20:01:05"
"Elizabeth Jarvis","Sharon Fox","3","average","1","2021-08-07 20:08:36"
"Thomas Kirk","Karen Obrien","5","good","2","2016-02-09 11:00:29"
"Lisa Fox","Dustin Davis","4","good","2","2020-01-24 09:49:41"
"Garrett Wolfe","Joseph Hoffman","1","bad","4","2017-11-14 16:39:46"
"Sarah Harrison","Jessica Grant","2","average","2","2016-06-10 15:13:54"
"Sherri Figueroa","Teresa Green","5","excellent","2","2016-04-27 09:31:44"
"Brian Clark","Abigail Hernandez","4","excellent","5","2017-02-16 06:17:49"
"Yvonne Hawkins","Joseph Gibbs","3","average","2","2020-04-03 04:45:41"
"Melissa Ray","Allison Rodriguez","2","average","4","2017-04-01 14:10:20"
"Richard Williams","Yolanda Wells","1","bad","4","2021-04-25 15:39:25"
"Adam Stephenson","Melissa West","2","not recommended","4","2020-11-29 03:06:04"
"Jennifer Rodriguez","Derek Gonzalez","5","good","5","2021-02-14 22:09:16"
"Amber Robertson","Anne Rangel","3","not recommended","1","2019-12-11 15:01:51"
"Julie Butler","Lindsey Jensen","5","excellent","4","2019-01-09 04:38:57"
"Douglas English","Sheila Meyers","2","not recommended","5","2016-05-16 19:20:20"
"Nicholas Franklin","Melissa Woods","2","not recommended","4","2019-10-16 14:46:19"
"Crystal Davis","Alexander Pope","2","not recommended","1","2016-04-04 15:49:09"
"Nathan Mckenzie","Tina Ware","5","excellent","4","2019-12-18 16:48:38"
"Tracy Reyes","Patricia Young","3","average","4","2017-02-09 05:55:58"
"Deborah Smith","Donna Johnson","5","good","2","2019-12-10 04:58:28"
"Mark Tate","Kimberly Martin","4","excellent","4","2021-07-15 14:12:35"
"Allison Rodriguez","Michael Anderson","4","good","4","2020-06-19 10:41:22"
"George Browning","Jeffrey Gomez","5","good","2","2022-03-10 10:24:03"
"Michelle Tran","Mark Oneal","4","good","3","2016-10-04 20:24:33"
"Mr. David Keller","Gregory Camacho","3","not recommended","4","2020-09-27 23:08:59"
"Gloria Carlson","Michael Nielsen DVM","2","average","2","2019-08-06 07:58:03"
"Bonnie Johnson","Mr. William Williams MD","3","not recommended","3","2017-01-30 00:46:39"
"Becky Lee","Tammie Larson","4","good","3","2017-11-14 10:00:26"
"Mark Mays","Beth Young","3","not recommended","1","2018-04-23 13:25:07"
"William Sexton","Kevin Johnson","5","good","1","2020-08-22 22:36:18"
"Andrew Russell","Todd Schultz","5","excellent","4","2019-03-14 18:45:52"
"Erik Pennington","Kevin Schneider","3","average","3","2020-08-12 02:38:00"
"Kelsey Robinson","Lori Livingston","1","bad","2","2020-07-18 09:07:22"
"Melissa Ray","Todd Schultz","4","excellent","5","2022-02-16 12:01:32"
"Andrew Lindsey","Susan Young","4","good","5","2020-03-29 20:38:26"
"Timothy Williams","Penny Munoz","3","average","1","2017-11-04 16:11:32"
"Michelle Williams","Mr. William Williams MD","1","bad","2","2016-06-08 13:01:41"
"Mark Haley","Holly Gibson","2","average","1","2017-06-06 03:07:15"
"Brian Bird","John Rodriguez","4","excellent","1","2018-01-15 20:10:25"
"Taylor Roberts","Taylor Roberts","3","not recommended","4","2019-04-03 20:38:07"
"Gerald Hunt","Tammy Carson","4","excellent","2","2021-10-17 16:20:55"
"Melissa Woods","Gerald Lynn","4","good","5","2019-05-11 22:58:43"
"Hayley Harris","Derrick Velasquez","4","good","5","2020-03-16 06:57:31"
"Amanda Smith","Timothy Kim","5","excellent","3","2021-11-18 20:50:17"
"Lisa Johnson","Melissa West","3","average","1","2016-02-17 00:07:05"
"Alexis Velez","Sheila Meyers","3","average","3","2019-11-02 12:03:33"
"Kristin Peterson","Edward Kemp","1","bad","5","2019-08-27 14:26:05"
"Tanner Griffin","Alexander Pope","3","not recommended","3","2016-09-01 01:49:15"
"Corey Cooper","Marisa Perez","2","not recommended","4","2018-10-06 03:12:05"
"Melvin Faulkner","Kevin Johnson","5","good","4","2022-01-23 06:24:30"
"Brian Jefferson","Brett Thompson","2","not recommended","5","2019-12-05 01:34:24"
"George Daniels","Jill Thompson","1","bad","5","2020-02-03 08:17:07"
"Michele Stone","Dr. Amanda Moreno","2","not recommended","1","2017-07-14 05:12:55"
"Mrs. Jennifer Baker","Karen Obrien","3","not recommended","1","2019-11-12 13:39:10"
"Joel Williams","Rachael Ramsey","4","excellent","5","2021-11-16 03:39:35"
"Laura Patterson","Kevin Russo","5","good","4","2019-10-15 10:44:13"
"Gerald Marshall","Melissa West","3","average","1","2021-04-06 23:41:39"
"David Marshall","Christian Austin","4","excellent","4","2021-09-29 02:20:34"
"Leslie Garrett","Robert Woodward","3","average","1","2016-06-30 00:15:15"
"Michelle Jones","Kimberly Rivera","5","good","5","2019-11-03 12:46:23"
"Cynthia Boyd","Jessica Davenport","4","excellent","3","2016-08-10 00:15:53"
"Matthew Cole","Brandon Butler","1","bad","5","2019-01-11 03:00:29"
"Kevin Schneider","Cory Dunn","2","not recommended","4","2017-02-04 09:03:52"
"Shirley Williams","Kelli Murphy","5","excellent","5","2020-06-30 03:57:10"
"Penny Munoz","Matthew Byrd","2","not recommended","3","2022-03-31 15:20:47"
"Calvin Powers","Matthew Taylor","2","average","4","2020-03-26 01:08:00"
"Jennifer Harris","Melissa Brown","1","bad","2","2016-03-24 06:09:43"
"Travis Lester DVM","Kyle Nelson","4","good","2","2016-10-29 02:24:18"
"Melissa Lopez","Paula Lewis","1","bad","3","2019-10-08 07:20:02"
"Jerry Dixon","Amy Glass","3","not recommended","3","2019-11-02 00:02:15"
"Carl Sanders","Gregory Graham","1","bad","2","2016-02-20 10:11:52"
"Darin Harris","Karen Obrien","1","bad","2","2022-02-23 10:34:23"
"Brian Oneill","Julie Smith","1","bad","5","2016-06-01 14:47:37"
"Paige Brown","Ashley Newman","1","bad","1","2018-01-28 23:54:00"
"Charles Ross","Richard Smith","3","not recommended","2","2020-03-15 12:14:08"
"Jeremiah Alexander","James Ramirez","3","average","3","2018-06-08 03:20:57"
"David Gross","Isaac Thomas","5","good","4","2021-03-31 21:11:57"
"Kelli Williams","Christopher Gonzalez","4","excellent","3","2017-08-07 13:01:39"
"James Williams","Gabrielle Daniels","2","not recommended","1","2018-08-06 07:48:10"
"Sharon Burgess","Kathleen Walters","1","bad","4","2019-10-10 23:39:33"
"Mr. William Stewart","Anne Rangel","5","excellent","5","2018-06-07 12:08:44"
"Scott Thompson","Donna Hardy","4","good","3","2019-03-31 14:43:49"
"Travis Sanders","Kyle Powell","3","not recommended","1","2017-11-23 03:12:08"
"Todd Gates","Nathan Mckenzie","5","good","1","2019-05-15 08:04:28"
"Christopher Gonzalez","Jose Mays","3","not recommended","1","2018-01-23 01:50:53"
"Tracy Reyes","Tammy Griffith","4","good","3","2016-11-03 18:00:24"
"Patrick Lowe","Lindsey Jensen","1","bad","5","2021-03-21 12:45:11"
"Deborah Smith","Raymond Stanley","5","good","1","2018-04-03 09:49:51"
"Robert Brewer","John Davis PhD","4","excellent","5","2016-02-11 18:07:34"
"Kelly Collins","Anthony Martin","4","good","1","2017-05-03 11:12:10"
"Laura Jones","Dr. Amanda Moreno","5","excellent","3","2016-07-04 21:09:37"
"Scott Lam","Donna Johnson","1","bad","1","2021-06-23 14:04:10"
"Tanner Price","April Hendricks","1","bad","3","2017-08-07 01:38:43"
"Courtney Weber","Cassandra Hull","5","excellent","4","2022-01-03 16:52:33"
"Mr. David Keller","Miss Stephanie Moran","5","good","2","2020-12-25 04:52:47"
"Joseph Hoffman","Victor Walsh","2","average","2","2017-06-07 22:51:49"
"Elizabeth Wagner","Andrew Pratt","3","average","5","2021-12-12 06:55:27"
"Aaron Curry","Jill Thompson","1","bad","1","2017-11-29 06:36:14"
"Ashley Hays","Melissa Brown","2","not recommended","1","2018-01-02 09:25:50"
"Taylor Robinson","Jason King","4","excellent","3","2016-12-03 08:01:33"
"Beth Young","Melissa Brown","3","average","2","2016-03-19 07:19:37"
"Nicholas Shaffer","Walter Houston","2","not recommended","4","2018-03-18 21:35:48"
"Kayla Hood","Joel Green","4","good","3","2021-04-09 06:35:26"
"Crystal Davis","Derek Gonzalez","1","bad","5","2019-10-22 22:15:54"
"Steven Turner","Brian Sanchez","2","not recommended","4","2016-05-08 07:42:52"
"James Williams","Chris Pacheco","4","good","2","2016-06-20 06:19:31"
"Andrew Russell","Lori West","1","bad","5","2019-07-25 23:39:01"
"Michelle Alexander","Kevin Johnson","2","average","1","2018-08-12 12:33:11"
"Melody Reed","Benjamin Riley","3","average","1","2022-03-28 11:36:26"
"Erin Burns","Susan Fisher","2","average","5","2021-05-06 19:14:20"
"Lori Livingston","Rachel Mills","2","not recommended","5","2018-08-17 10:43:41"
"Matthew Wilson","Brian Oneill","1","bad","1","2022-01-15 22:47:16"
"Heidi Shelton","James Santiago","5","excellent","2","2018-04-18 17:43:40"
"Stacy Garcia","Kyle Matthews","3","average","1","2019-05-30 11:10:21"
"Erin Smith","Sean Atkins","5","good","2","2020-10-09 22:04:41"
"Tricia Ross","Gregory Myers","3","average","2","2020-09-20 09:53:21"
"Jared Harvey","Susan Fisher","1","bad","4","2021-04-06 03:23:27"
"Christy Maldonado","Mr. David Martinez","5","good","3","2020-11-28 06:44:09"
"Angela Yu","David Anthony","3","average","2","2018-03-11 12:45:30"
"Lauren Porter","Christine Wolf","1","bad","2","2018-02-24 08:32:45"
"Maria Chavez DDS","Matthew Cantrell","2","not recommended","5","2019-01-16 05:55:05"
"Melvin Faulkner","Michael Watson","4","good","4","2016-01-07 08:58:16"
"Corey Hodges","Sean Atkins","4","good","4","2016-04-03 15:22:17"
"Jay Perkins","Christian Austin","5","good","5","2017-10-01 23:44:29"
"Raymond Barr","Becky Lee","3","not recommended","3","2020-08-29 08:00:30"
"Dakota Taylor","Scott Brown","5","excellent","3","2017-03-24 08:38:33"
"Audrey Jackson","Heidi Shelton","1","bad","3","2018-06-25 05:55:57"
"Joseph Montoya","Jenna Liu DDS","3","average","4","2021-11-05 11:34:23"
"Paul Kim","Kyle Hoffman","1","bad","1","2018-11-14 15:51:29"
"Robert West","Donna Hurley","3","not recommended","5","2020-10-06 04:06:53"
"Nathan Rodgers","David Anthony","3","not recommended","4","2022-01-26 23:33:26"
"Kimberly Lloyd","Melissa West","2","average","5","2016-05-09 00:44:57"
"Holly Vargas","Donna Hurley","4","excellent","5","2017-04-25 08:19:28"
"Brent Reese","Paul French","1","bad","4","2017-07-28 23:18:17"
"David Gross","Michelle Cisneros","3","average","4","2016-08-05 04:59:27"
"Lori Richardson","Brent Chase","4","good","4","2020-06-07 05:01:56"
"Keith Moore","Teresa Green","2","average","2","2017-05-19 17:49:05"
"Patrick Williams","Grant Anderson","3","average","1","2022-02-22 15:17:23"
"Joseph Diaz","Billy Nguyen","1","bad","3","2017-08-09 11:19:16"
"Nicholas Howard","Aaron Curry","3","not recommended","2","2020-04-20 01:46:17"
"Lauren Porter","Mr. William Williams MD","2","not recommended","2","2018-10-20 17:22:30"
"David Garrison","Patrick Williams","5","good","3","2019-07-25 17:16:39"
"Matthew Velasquez","Michelle Miller","1","bad","3","2020-05-06 11:45:25"
"Bonnie Johnson","Sarah Cruz DVM","1","bad","1","2020-04-02 08:02:18"
"David Anderson","Ashley Hubbard","4","excellent","5","2016-01-30 18:30:32"
"Christopher Payne","Deborah Brooks","5","excellent","5","2020-10-30 00:05:44"
"Rachel Davis","Jose Mays","3","average","4","2021-03-08 11:56:41"
"Martin Watkins","Kelly Tucker","5","good","4","2020-06-02 12:07:31"
"Michael Floyd","Bradley Andrews","1","bad","4","2018-08-27 17:08:57"
"Sarah Villanueva","Joseph Henderson","3","not recommended","2","2021-03-16 12:04:26"
"Casey Cole","Tina Rodriguez","5","good","5","2018-10-10 12:36:35"
"Mary Jacobs","Dakota Taylor","5","good","3","2020-11-13 06:37:56"
"Anne Rangel","Anna Kelly","2","average","3","2021-06-05 11:20:05"
"Dustin Richards","Michelle Ramirez","5","excellent","3","2020-12-19 09:51:04"
"Patrick Jones","Michael Calderon","5","excellent","3","2017-11-09 21:40:43"
"Andrew Harris","James Santiago","4","excellent","5","2017-08-13 00:41:50"
"Ryan Steele","Christopher Howe","3","average","2","2016-09-01 02:17:07"
"Sarah Sutton","Kimberly Mendez","2","not recommended","1","2019-07-11 20:16:25"
"Angel Murphy","Melissa Pollard","3","not recommended","1","2020-09-24 18:34:19"
"Brittney Baker","Brett Thompson","4","good","1","2019-11-26 16:15:55"
"Mark James","Paul Barry","5","excellent","4","2019-04-20 21:57:27"
"Michael Nielsen DVM","Anthony Osborne","2","average","4","2017-06-12 00:16:22"
"Kathleen Smith","Jessica Brown","2","not recommended","5","2019-07-01 19:25:17"
"Kimberly Reyes","Victoria Barker","1","bad","3","2021-07-09 22:56:57"
"Steven Turner","Neil Lynch","3","not recommended","3","2017-11-06 10:36:00"
"Christina Mosley","Mary Clark","2","average","1","2020-06-26 15:47:54"
"Charles Parks","Yvonne Hawkins","3","average","5","2021-02-22 04:32:41"
"Timothy Williams","Leslie Moore","5","good","3","2019-11-06 00:19:20"
"Nicole Davis","Matthew Cantrell","2","average","3","2017-01-29 14:31:38"
"Donald Miller","Anita Miller","5","excellent","1","2019-09-22 21:45:02"
"Richard Rodriguez","Jennifer Lee","4","excellent","5","2017-04-14 08:50:22"
"Elizabeth Wagner","Barbara Key","1","bad","3","2019-10-17 21:09:41"
"Dawn Perez","Tina Rodriguez","3","not recommended","5","2017-09-14 05:56:06"
"Anna Fox","Rebecca Edwards","2","not recommended","5","2020-12-27 18:25:21"
"Michelle Ramsey","Anthony Martin","2","not recommended","2","2021-08-15 23:47:28"
"Kimberly Rivera","William Mora","2","average","5","2016-12-14 21:10:13"
"Melissa Matthews","Aaron Curry","2","not recommended","3","2018-04-03 14:18:40"
"Natalie Maldonado","Audrey Jackson","2","not recommended","3","2021-06-03 13:30:03"
"Jonathan Walker","Kelli Murphy","5","good","3","2018-08-29 19:57:24"
"Victor Walsh","Frederick Carpenter","1","bad","2","2020-05-17 19:48:22"
"Andrew Russell","David Henderson","2","average","1","2019-02-25 16:40:06"
"Darrell Anderson","Mark Haley","3","not recommended","4","2020-08-31 04:30:58"
"Desiree Luna","Brian Murphy","3","average","4","2021-06-29 23:27:53"
"Brent Reese","Jasmine Price","2","not recommended","3","2019-11-14 22:38:00"
"Mr. Jeffrey Freeman","Robert Cross","5","excellent","3","2019-04-11 14:42:01"
"David Griffin","Christopher Howe","2","not recommended","1","2022-01-25 13:16:52"
"William Mora","Jay Melton","3","not recommended","1","2016-11-24 03:35:04"
"Christy Cook","Bradley Andrews","3","not recommended","4","2018-01-19 07:41:59"
"Michael Rollins","Jeffrey Gomez","2","average","3","2021-06-26 02:12:12"
"Scott Williams","Brian Sanchez","1","bad","4","2020-10-19 01:51:57"
"Lori Rogers","Brian Oneill","5","excellent","2","2020-03-22 22:13:24"
"Tricia Ross","Christian Austin","3","average","1","2017-08-22 09:03:26"
"Brian Carpenter","Penny Munoz","2","average","2","2022-03-18 15:10:31"
"Mrs. Jennifer Baker","Erin Burns","4","excellent","4","2021-09-12 18:26:00"
"Leslie Garrett","John Butler","3","not recommended","2","2022-03-01 01:28:42"
"Andrew Russell","Jason King","2","not recommended","3","2019-01-23 21:16:39"
"Kimberly Rivera","Chris Pacheco","5","good","1","2019-05-02 15:48:00"
"Isaac Ferguson","David Anthony","5","excellent","5","2018-06-18 18:28:42"
"Kelly Tucker","Brenda Jones","5","excellent","5","2020-09-10 05:16:38"
"Billy Booker","Andrew Mora","4","good","3","2017-03-13 12:40:56"
"Deanna Rodriguez","Ashley Hubbard","3","average","1","2018-03-04 00:46:42"
"Kathleen Walters","Gerald Lynn","5","excellent","4","2017-11-03 03:27:24"
"Daniel Rose","Kathleen Walters","5","good","5","2021-07-03 09:31:13"
"Peter Lewis","Michelle Morrison","4","good","5","2016-12-21 21:08:22"
"Crystal Davis","Derek Gonzalez","1","bad","4","2021-06-12 07:47:37"
"Michael Carter","Nathan Barker","3","not recommended","4","2017-03-11 20:41:32"
"Mary Jacobs","Jeffrey Bernard","2","not recommended","3","2016-03-02 21:38:21"
"David Anthony","Mr. David Keller","1","bad","2","2019-03-25 23:35:58"
"Emily Young MD","Peter Calhoun","1","bad","2","2016-05-23 20:49:25"
"Victoria Hebert","Aaron Curry","5","excellent","5","2016-09-14 09:37:51"
"Ryan Hopkins","Joseph Smith","2","not recommended","5","2017-08-16 18:55:47"
"Billy Booker","Gregory Watkins","3","average","4","2022-02-26 00:18:21"
"Gabrielle Daniels","Dr. Gina Davis","5","good","5","2017-05-13 08:29:58"
"Jonathan Villegas","Charles Ross","2","average","2","2016-01-14 11:46:58"
"Lisa Fox","Adam Hull","1","bad","4","2020-07-24 22:28:50"
"Jennifer Rodriguez","Penny Munoz","3","not recommended","4","2021-06-03 07:33:15"
"Charles Gibbs","Gregory Watkins","3","not recommended","1","2020-08-28 21:39:02"
"Jennifer Wilson","Paula Lewis","2","not recommended","2","2020-10-26 20:13:03"
"Lori Richardson","Gabrielle Daniels","4","good","5","2017-10-06 18:34:45"
"Yolanda Wells","Marisa Perez","5","excellent","2","2021-09-14 00:38:03"
"Kaylee Ward","Todd White","3","average","4","2018-05-14 02:21:00"
"Brian Carpenter","Michelle Morrison","3","not recommended","5","2021-08-07 05:03:13"
"Joseph Diaz","Jonathan Taylor","2","not recommended","2","2016-01-28 20:09:42"
"William Mora","Calvin Powers","3","average","4","2021-02-08 20:37:37"
"Steven Riddle","Jeremy White","1","bad","5","2022-02-13 14:45:37"
"Steven Turner","Jill Thompson","5","excellent","2","2019-01-03 18:18:07"
"Leonard Rojas","Julia Jackson","5","good","5","2017-09-03 06:44:29"
"Mrs. Sarah Nelson","Amy Taylor","5","good","2","2019-11-13 12:15:26"
"Mr. David Martinez","Dana Bradshaw","4","good","5","2021-06-22 05:20:28"
"Casey Cole","Brian Hall","2","not recommended","5","2022-01-17 03:55:22"
"Shari Reed","Jade Ryan","3","not recommended","3","2017-09-12 10:44:40"
"Andrew Pitts","Lisa Davis","2","average","3","2018-04-24 16:08:26"
"Paula Hansen","Robert Cross","1","bad","2","2020-10-24 14:19:20"
"Colleen Anderson","Claudia Reid","3","not recommended","1","2020-01-06 22:26:43"
"Brittney Cochran","Robert Hernandez","3","not recommended","2","2021-11-05 01:20:03"
"Michael Mullins","Anna Kelly","2","not recommended","1","2016-04-07 07:40:58"
"Claudia Reid","Jaime Parrish","1","bad","3","2020-05-05 03:30:21"
"Calvin Powers","Sheila Meyers","2","average","5","2020-08-15 05:31:40"
"Holly Gibson","Jeremy White","5","good","1","2020-02-29 23:50:47"
"Anne Rangel","David Anthony","1","bad","3","2016-12-09 05:50:43"
"Dakota Taylor","Jerry Francis","4","excellent","2","2017-03-05 07:04:58"
"Mary Jacobs","Eric Jacobs","4","excellent","1","2019-07-31 16:59:59"
"Kevin Johnson","Paul Matthews","3","not recommended","2","2017-10-14 03:39:37"
"Natasha Taylor","Kimberly Taylor","5","good","2","2017-08-14 08:10:55"
"Holly Gibson","Tracy Jones","3","average","2","2016-03-04 03:49:38"
"Alexis Velez","Lauren Thomas","4","good","1","2017-10-22 04:22:29"
"Bobby Riley PhD","Douglas English","5","good","4","2018-03-14 13:43:41"
"Michael Franco","Edward Kemp","5","good","2","2019-02-21 05:58:49"
"Ashley Hubbard","Melissa Ray","1","bad","2","2020-07-20 13:44:45"
"Jenna Parker","Brittany Peters","2","not recommended","3","2021-01-16 16:02:43"
"Michael Watson","Jeffrey Bernard","3","average","3","2018-08-29 18:23:50"
"Nicole Davis","William Cooper PhD","4","good","4","2018-06-16 17:07:38"
"William Cooper PhD","Kimberly Mendez","2","average","4","2016-09-05 13:00:18"
"Mark Mays","Donna Hardy","1","bad","5","2017-10-18 15:55:08"
"Antonio Moore","Dustin Harrell","3","average","5","2018-03-06 22:45:12"
"Timothy Gould","Angela Price DDS","2","average","3","2019-08-13 16:49:47"
"Erica Brown","Paula Lewis","1","bad","4","2020-07-29 13:34:38"
"Matthew Byrd","Rhonda Peterson","4","excellent","1","2019-08-09 11:42:38"
"Tina Ware","David Griffin","4","excellent","5","2019-08-29 09:47:45"
"Angela Andrews","Jordan Anderson","3","not recommended","4","2016-03-19 12:41:20"
"Michelle Andrews","Matthew Cantrell","2","not recommended","4","2019-09-24 12:31:19"
"Juan Perry","Andrea Duffy","4","good","1","2016-01-31 21:12:44"
"Rebecca Mason","Elizabeth Webb","1","bad","2","2020-07-03 15:27:44"
"Megan Henry","Mr. David Martinez","3","not recommended","1","2019-06-07 00:05:00"
"Deborah Preston","Larry Lin","4","excellent","1","2021-02-10 02:43:58"
"Gabrielle Daniels","Clayton Cruz","1","bad","3","2018-07-09 05:26:40"
"Sylvia Stephenson","Jennifer Lee","4","excellent","5","2017-05-21 02:05:07"
"Matthew Jimenez","Brian Hall","2","not recommended","4","2016-10-04 13:06:45"
"Lindsey Robertson","Elizabeth Bonilla","4","good","3","2021-10-26 22:29:39"
"Jeremy Vincent","Maria Perez","1","bad","1","2016-08-24 09:48:02"
"Kimberly Schwartz","Allison Rodriguez","5","excellent","4","2018-10-16 08:37:21"
"Kenneth Jones","Angela Price DDS","4","good","3","2016-07-05 17:33:14"
"Nicole Webb","Billy Booker","5","excellent","5","2017-05-17 09:14:24"
"Brian Hall","Beth Young","1","bad","1","2020-06-11 02:33:30"
"Timothy French","Kyle Matthews","3","not recommended","2","2019-08-07 20:36:14"
"Don Taylor","Amber Robertson","3","not recommended","3","2021-12-15 18:23:07"
"Michael Carter","Daniel Lawrence","3","not recommended","2","2017-11-16 22:09:29"
"Anita Miller","Becky Lee","1","bad","5","2017-06-06 23:21:31"
"Michael Flores","Sherri Shaffer","1","bad","3","2017-03-11 01:08:16"
"Rhonda Bautista","Nicholas Charles","1","bad","1","2020-02-13 07:48:00"
"Angela Gibson","Timothy Lopez","1","bad","4","2019-11-15 22:41:38"
"Amber Martinez","Scott Huynh","3","average","1","2017-05-09 13:23:06"
"Victor Walsh","Dustin Gill","2","average","1","2019-10-21 17:34:14"
"Carolyn Mack","John Rodriguez","3","not recommended","1","2020-08-21 09:30:28"
"Taylor Gilmore","Scott Huynh","1","bad","3","2017-01-18 03:53:04"
"Gabriel Gonzalez","Deborah Preston","1","bad","1","2019-11-26 23:46:25"
"Charles Parks","Tammy Myers","2","average","3","2020-02-22 21:05:48"
"Mr. Jeffrey Freeman","Alexander Pope","4","excellent","3","2017-07-13 20:37:33"
"Marie Lawrence","Michelle Cisneros","3","not recommended","1","2016-04-26 13:55:19"
"Benjamin Anderson","Todd White","4","good","4","2018-05-22 21:23:19"
"Kenneth Bell","Lisa Hunter","2","average","5","2020-07-23 10:44:48"
"Dakota Taylor","Charles Russo","5","excellent","2","2020-09-02 18:42:25"
"Kayla Hood","Angela Price DDS","3","not recommended","1","2016-05-28 15:16:23"
"Dawn Dunn","Stephanie Hicks","1","bad","2","2021-08-20 19:36:12"
"Leslie Garrett","Samuel Walters","5","excellent","5","2016-06-21 20:48:13"
"Adam Ball","Melissa Woods","2","not recommended","4","2017-07-29 23:02:26"
"Andrew Mcdaniel","Robert Hernandez","2","not recommended","3","2020-09-05 07:41:21"
"Victor Taylor","Jessica Brown","3","not recommended","3","2020-06-01 15:13:05"
"Carol Casey","Stephanie Roberts","4","excellent","3","2018-10-25 09:06:46"
"Sarah Hernandez","Michael Thompson","3","not recommended","5","2019-01-22 08:14:40"
"Matthew Cole","David Ford","3","average","3","2017-10-13 22:18:09"
"Kenneth Ramsey","Mr. William Williams MD","5","excellent","1","2019-04-29 09:24:47"
"Stephen Thomas","Julia Becker","4","excellent","4","2020-10-12 14:38:36"
"Mary Clark","Isabella Harris","4","good","1","2019-09-15 06:14:02"
"Patricia Steele","Kathleen Smith","5","good","3","2020-02-28 05:06:38"
"Mitchell Kim","James Ramirez","3","not recommended","3","2016-09-06 11:26:53"
"Kevin Russo","Melissa Ray","1","bad","3","2016-08-27 11:41:51"
"Aimee Robinson","Robert Brewer","1","bad","3","2018-09-28 12:20:42"
"Jennifer Mcclure","Sabrina Kirby","1","bad","1","2017-08-24 07:21:13"
"Jessica Welch","Claudia Reid","3","not recommended","2","2018-01-03 03:22:54"
"Christopher Howe","Cory Dunn","2","not recommended","3","2021-07-21 08:03:15"
"Brittany Aguilar","Fred Thompson","2","not recommended","5","2016-12-09 09:25:46"
"Garrett Wolfe","James Paul","5","good","4","2017-02-25 19:12:07"
"Bridget Brown","Jason King","4","good","4","2017-05-20 07:22:06"
"Lori Luna","Derek Gonzalez","3","average","2","2021-05-29 04:15:07"
"Peter Moody","Brittany Aguilar","4","good","2","2021-06-07 05:17:37"
"Renee Grant","Mr. William Williams MD","5","good","5","2021-07-03 11:58:12"
"Gregory Moore","Michael Delgado","4","good","1","2018-07-15 22:53:23"
"Linda Williams","Jerry Dixon","3","not recommended","3","2016-04-26 16:57:39"
"Daniel Martinez","Jessica Davenport","1","bad","4","2021-12-20 22:14:09"
"Heidi Holmes","Ryan Smith","2","not recommended","2","2018-10-13 00:51:21"
"Phillip Peterson","Christine Schneider","2","not recommended","4","2017-09-09 19:55:00"
"Wendy Young","Kevin Burgess","4","good","1","2021-04-04 12:09:32"
"Cindy Ramos","Sheila Meyers","4","excellent","5","2020-09-13 20:43:43"
"Christine Mayer","Fred Thompson","4","excellent","5","2019-05-14 06:47:24"
"Kathleen Smith","Bradley Barajas","5","good","2","2017-10-22 00:40:24"
"Gregory Graham","Todd Schultz","4","excellent","3","2022-04-11 15:55:13"
"Jackie Newman","Joel Green","3","average","1","2018-01-01 04:40:26"
"Michelle Tran","Gerald Marshall","4","excellent","2","2017-02-04 04:11:23"
"Jake Schaefer","Tracy Jones","5","good","1","2017-10-28 11:32:39"
"Christy Cook","Jennifer Anderson","5","excellent","5","2019-05-27 03:50:18"
"Karen Schneider","Jaime Parrish","2","not recommended","4","2021-11-24 20:10:30"
"Brent Reese","Amber Robertson","2","not recommended","3","2018-04-18 03:06:11"
"William Morris","Andrea Duffy","4","excellent","4","2019-02-06 00:27:20"
"Tyrone Garcia","Michael Calderon","4","good","3","2019-05-16 11:44:30"
"Jacqueline Campbell","Sabrina Wright","3","average","1","2017-09-19 18:49:43"
"Mary Ferrell","Bradley Barajas","4","good","2","2022-02-27 23:07:41"
"Colleen Anderson","Nathan Rodgers","4","excellent","2","2020-09-05 23:20:23"
"Kimberly Schwartz","Natalie Maldonado","2","average","2","2016-03-26 12:52:30"
"Steven Young","Renee Grant","2","average","4","2018-07-20 18:13:42"
"Aaron Martin","Scott Williams","1","bad","5","2017-11-23 07:05:33"
"Sarah Maddox","Kathleen Walters","3","average","5","2016-11-13 06:53:33"
"Brittany Peters","Jose Mays","4","good","3","2016-08-20 23:17:53"
"Hayley Harris","Sandra Cruz","3","average","4","2022-03-22 18:08:41"
"Jeffrey Gomez","Sheila Meyers","1","bad","4","2020-04-11 03:39:17"
"Aimee Robinson","Renee Edwards","1","bad","3","2022-03-23 23:31:32"
"Virginia Barnes","Sherri Shaffer","3","average","2","2017-06-25 20:33:30"
"Becky Knight","Ashley Newman","4","excellent","4","2019-11-14 08:45:14"
"Michael Franco","Megan Henry","2","average","4","2021-01-18 16:28:01"
"David Griffin","Charles Parks","1","bad","3","2017-06-05 00:46:15"
"Jill Thompson","Tanner Price","3","average","4","2016-11-23 17:11:06"
"Dr. Amanda Moreno","Andre Jones","5","good","4","2016-02-20 21:24:03"
"Scott Griffin","Nicholas Carrillo","5","good","3","2020-07-06 18:39:15"
"Anna Kelly","Tanya Thomas","4","good","3","2019-01-17 05:32:14"
"Rebecca Case","Stephanie Roberts","2","not recommended","1","2020-03-23 17:41:56"
"Stephanie Moore","Donna Hurley","2","not recommended","5","2016-06-15 15:54:57"
"Timothy French","Lindsey Robertson","5","excellent","3","2021-12-18 03:17:40"
"James Santiago","Richard Bailey","5","good","4","2016-03-04 02:03:58"
"Jay Perkins","Randall Sullivan","1","bad","2","2018-06-02 22:03:12"
"Robert Woodward","Jill Thompson","2","average","1","2018-05-05 10:14:26"
"Marie Lawrence","Raymond Stanley","1","bad","1","2016-09-12 01:52:17"
"Nicholas Campbell","April Hendricks","4","good","5","2020-01-10 09:37:32"
"Andrew Kane","Mrs. Kathryn Howard","4","good","5","2021-08-03 09:08:07"
"Raymond Barr","Anna Mccoy","2","not recommended","1","2016-09-22 14:40:19"
"Lori Luna","Robert Cross","4","good","5","2019-01-01 00:19:22"
"Melissa Pollard","Mary Clark","5","good","2","2020-01-31 03:09:02"
"Dale Jones","Kevin Russo","2","average","4","2017-02-04 08:24:16"
"Derrick Velasquez","Marie Lawrence","1","bad","1","2018-11-10 19:12:35"
"Gregory Myers","Tammy Griffith","1","bad","3","2021-11-20 17:33:29"
"Robert Cross","Robert Woodward","2","average","5","2017-05-07 07:38:10"
"Mrs. Kathryn Howard","Cynthia Herrera","1","bad","3","2017-09-10 22:26:39"
"Emily Navarro","Raymond Stanley","4","good","5","2017-04-13 13:14:37"
"Kim Davenport","Angel Conway","4","excellent","5","2018-09-10 09:27:05"
"Melissa Ray","Kim Adams","3","average","2","2020-03-30 01:26:03"
"Krystal Vega","Tyrone Garcia","2","not recommended","5","2018-07-28 06:53:25"
"Matthew Cantrell","Eric Smith","2","average","5","2020-12-08 13:08:07"
"Alexis Morris","Adam Ball","5","excellent","3","2016-08-19 03:17:34"
"Stacey Brooks","Daniel Joseph","2","average","1","2016-02-13 05:52:37"
"Anthony Osborne","Cindy Ramos","3","average","1","2019-02-08 02:04:56"
"Kelly Schmitt","Melissa Patel","2","average","3","2021-08-25 18:46:12"
"Catherine Joseph","Anthony Garcia","5","good","4","2016-08-21 16:22:20"
"Holly Gibson","Shannon Moore","1","bad","2","2020-12-19 16:25:44"
"Kenneth Hall","Amy Glass","4","excellent","5","2016-09-24 16:16:36"
"Teresa Marshall","Adam Hull","2","average","4","2019-04-10 06:08:49"
"Taylor Robinson","Mitchell Young","4","good","4","2019-02-11 05:27:16"
"Richard Rodriguez","Abigail Hernandez","1","bad","3","2019-08-19 09:43:54"
"James Paul","Dustin Harrell","3","average","4","2016-07-16 01:39:05"
"Deborah Preston","Tracy Taylor","5","good","1","2017-10-20 10:17:57"
"Lori Livingston","Sherri Shaffer","3","average","4","2019-03-11 14:35:10"
"Patricia Steele","Kelly Tucker","5","excellent","4","2018-01-20 07:17:01"
"Donna Johnson","Cory Dunn","5","good","3","2018-06-24 20:00:18"
"Ashley Baker","Kimberly Smith","3","not recommended","2","2017-07-10 23:38:53"
"Robert Wright","Mitchell Young","2","average","1","2017-12-11 22:57:23"
"Ryan Park","Peter Calhoun","4","good","1","2021-05-11 18:19:21"
"Ashley Newman","Julia Jackson","1","bad","1","2020-07-05 20:20:37"
"Amy Williams","Arthur Arellano","4","good","3","2018-05-09 17:35:43"
"Sylvia Stephenson","Adam Robles","1","bad","1","2020-03-05 15:06:46"
"Carrie Duncan","Jerry Francis","2","not recommended","3","2020-01-07 10:47:43"
"Amy Watkins","Jessica Grant","2","not recommended","3","2018-09-09 15:36:04"
"Emily Navarro","Dalton Watson","4","good","2","2016-11-27 19:03:33"
"Brandon Butler","Jason Thompson","2","not recommended","5","2021-12-07 18:38:57"
"Elizabeth Pittman","Tanner Price","2","not recommended","3","2020-07-19 07:32:36"
"Matthew Wilson","Tammy Carson","3","not recommended","4","2020-08-13 14:50:16"
"Marcus White","Stacey Brooks","4","good","3","2017-04-28 22:15:49"
"Mr. Benjamin Mayo","David Campbell","4","excellent","1","2021-02-16 00:23:11"
"Nancy Smith","Michael Watson","1","bad","5","2020-12-28 14:33:28"
"John Schmidt","Dawn Dunn","2","not recommended","3","2017-07-03 08:39:21"
"Lisa Johnson","Bradley Andrews","4","good","5","2017-12-30 14:56:17"
"Linda Williams","Kyle Nelson","4","excellent","4","2019-06-06 01:50:26"
"Isaac Thomas","Andrew Lindsey","1","bad","3","2021-04-09 06:34:54"
"Matthew Wilson","Cassandra Hull","5","excellent","2","2017-05-24 05:19:59"
"Adrian Wright","Mark James","1","bad","5","2017-07-17 04:03:59"
"Travis Lester DVM","Matthew Taylor","2","not recommended","5","2020-12-07 20:56:42"
"Joshua Bailey","Steven Turner","3","not recommended","5","2021-10-23 10:38:18"
"Mr. Jeffrey Freeman","Dalton Watson","2","average","3","2016-03-20 14:23:33"
"Cynthia Foster","Timothy Williams","2","not recommended","1","2018-04-19 05:03:01"
"Richard Bailey","Laura Jones","5","excellent","1","2021-01-16 08:12:21"
"Jonathan Smith","Andrew Mora","2","not recommended","5","2019-07-16 05:00:42"
"Billy Booker","Derek Gonzalez","3","not recommended","5","2020-02-01 14:25:31"
"Jerome Castaneda","Brian Murphy","4","good","2","2021-08-15 15:47:12"
"Allen Martin","Robert Cross","1","bad","5","2017-04-02 06:25:06"
"Rebecca Mason","Darin Harris","1","bad","5","2019-11-30 20:50:06"
"Carolyn Mack","James Santiago","1","bad","5","2020-09-25 10:49:25"
"Leslie Garrett","Christopher Gonzalez","4","excellent","3","2016-04-26 22:45:56"
"Jay Perkins","Claudia Reid","1","bad","3","2019-04-22 16:20:35"
"Melvin Faulkner","Jenna Liu DDS","5","excellent","5","2020-11-13 11:28:50"
"Robert Love","James Howard","1","bad","5","2018-10-08 14:41:23"
"Gregory Dixon","Kathleen Smith","3","not recommended","2","2017-02-06 05:19:51"
"Alexis Cooper","Jacob Kelly","1","bad","3","2019-05-22 10:37:05"
"Nathan Ramirez","Anthony Anderson","4","excellent","1","2016-11-04 22:16:07"
"Catherine Humphrey","Daniel Shepherd","2","not recommended","2","2016-01-11 09:08:49"
"Rachel Davis","Kimberly Taylor","5","good","4","2021-03-08 16:16:40"
"James Bradford","Nicholas Charles","3","average","3","2019-05-01 15:46:50"
"Stacey Rogers","Grant Anderson","3","not recommended","5","2020-09-26 14:14:08"
"Angela Gibson","Beth Young","2","average","1","2018-12-06 04:51:08"
"Jordan Anderson","Todd White","4","good","5","2018-03-08 05:50:07"
"William Barry","Barbara Key","1","bad","1","2016-01-11 16:20:54"
"Virginia Barnes","Donna Hardy","1","bad","3","2020-08-18 22:43:24"
"Lori Quinn","Stephanie Stevenson","5","excellent","1","2019-04-07 11:01:44"
"Leslie Moore","Bruce Clark","5","good","5","2019-05-15 13:26:17"
"Deborah Brooks","Andrew Mora","4","good","1","2020-03-05 17:00:56"
"Mary Ferrell","James Howard","5","excellent","4","2021-08-06 00:12:54"
"William Williams","Benjamin Williams","4","good","1","2021-05-25 22:22:17"
"Billy Nguyen","Matthew Cole","5","excellent","4","2021-03-30 21:58:59"
"Dustin Richards","Jade Ryan","3","not recommended","2","2020-11-26 00:53:16"
"Christine Schneider","Stephen Mccormick","4","excellent","4","2021-06-24 03:43:46"
"Maria Chavez DDS","Cameron Sherman","1","bad","5","2022-01-19 21:57:12"
"Paul Good","Gregory Myers","1","bad","5","2020-07-20 19:51:43"
"Donna Hardy","Carl Sanders","2","average","2","2016-05-23 02:29:27"
"Phillip Peterson","Christopher Gonzalez","3","not recommended","4","2018-06-23 16:33:06"
"Cynthia Foster","Amy Glass","3","not recommended","3","2016-02-17 03:29:02"
"Sarah Maddox","Arthur Arellano","2","not recommended","4","2018-05-24 02:18:46"
"Brittany Stokes","Alexis Cooper","3","average","4","2022-02-25 08:59:38"
"Adam Bell","Kyle Matthews","3","not recommended","4","2016-05-11 22:25:01"
"Dustin Richards","Kyle Matthews","5","excellent","1","2016-10-01 17:28:52"
"Oscar Gonzalez","Brian Sanchez","3","average","1","2022-02-07 00:35:39"
"Timothy Gould","Dustin Davis","2","not recommended","5","2016-09-11 07:38:55"
"Danielle Parrish","Angel Harris","2","not recommended","4","2017-04-19 19:31:29"
"Brian Bird","Robert Brewer","1","bad","3","2018-07-15 02:13:56"
"Dakota Braun","Michael Thompson","4","excellent","4","2020-03-03 21:57:44"
"Lori Butler","Lisa Hunter","4","excellent","4","2016-01-25 23:55:58"
"Scott Huynh","Michelle Christian","3","average","4","2017-04-20 01:05:45"
"Mark Oneal","Elizabeth Webb","5","excellent","2","2021-10-18 06:12:50"
"Patrick Jones","Jenna Liu DDS","4","good","2","2016-11-30 11:09:43"
"Becky Lee","Angela Yu","1","bad","5","2016-04-20 08:58:52"
"Anthony Lee","Michelle Miller","2","average","2","2017-06-05 22:09:02"
"Sabrina Kirby","Jesse Vaughn","2","average","1","2019-02-24 19:52:01"
"Barbara Key","Lori Richardson","1","bad","4","2021-05-09 10:19:36"
"Natalie Reyes","Brent Reese","2","not recommended","1","2019-03-22 11:16:50"
"Andrew Russell","Michelle Ramsey","3","not recommended","2","2021-11-02 05:58:32"
"Kim Adams","Jose Mays","2","average","2","2018-03-31 18:15:51"
"David Marshall","Mark Tate","4","excellent","1","2017-01-02 15:45:59"
"Christian Austin","Laurie Williams","3","average","5","2019-03-10 15:38:13"
"Rachel Mills","Kyle Hoffman","3","average","4","2019-04-12 18:22:05"
"Jessica Welch","Annette Brown","5","excellent","2","2020-03-21 16:30:10"
"Amy Watkins","Jacob Watkins","4","good","4","2018-02-28 05:59:37"
"Mary Ferrell","Natalie Miller","5","good","4","2019-01-26 03:10:16"
"Christy Maldonado","Julia Jackson","1","bad","5","2019-01-15 14:06:12"
"Michelle Jackson","Teresa Green","3","average","1","2021-06-28 00:53:00"
"Joel Williams","Crystal Davis","3","average","2","2018-05-25 13:59:28"
"Allison Miller","Jenna Parker","4","good","5","2017-04-03 10:18:05"
"Chad Stewart","Kimberly Dennis","2","average","1","2020-12-23 21:21:48"
"Mark Mays","Lisa Davis","2","average","5","2017-02-01 15:20:50"
"Catherine Joseph","Paul Matthews","1","bad","3","2016-11-09 21:35:17"
"Doris Harrington","Christopher Wilson","2","not recommended","1","2020-08-25 03:31:16"
"Katherine Martinez","Raymond Stanley","5","excellent","3","2018-01-17 05:18:55"
"Lori Quinn","Clayton Cruz","3","average","3","2019-07-19 11:13:47"
"Jason Mora","Edward Kemp","5","good","1","2018-01-17 10:24:07"
"John Davis PhD","Lisa Hunter","3","not recommended","4","2019-07-23 22:46:42"
"Kimberly Reyes","Richard Howell","5","good","1","2018-01-05 09:54:52"
"Allison Rodriguez","Angela Price DDS","2","average","5","2020-12-21 05:09:43"
"Dr. Hannah Evans","Michael Watson","4","excellent","1","2020-03-30 08:03:22"
"Michelle Andrews","Michael Watson","4","good","2","2018-12-19 15:06:25"
"Rachel Mills","Cameron Sherman","5","good","2","2016-12-01 18:20:02"
"Erik Pennington","Mr. David Martinez","1","bad","1","2017-09-15 11:51:09"
"Brian Sanchez","Jon Hull","3","average","5","2021-10-28 15:56:20"
"Jessica Green","Jason Thompson","3","average","4","2017-11-22 10:10:41"
"Emily Watts","Lori Richardson","1","bad","2","2020-11-08 11:46:32"
"Jason Parker","Kyle Hoffman","5","excellent","2","2018-03-01 07:07:50"
"Bobby Thomas","Michelle Ramirez","5","good","3","2017-04-10 17:26:19"
"Jill Alvarez","Ryan Smith","3","not recommended","2","2020-11-15 18:26:03"
"Lori West","Jenna Liu DDS","5","good","5","2019-01-20 19:21:30"
"Bobby Thomas","Neil Lynch","1","bad","4","2020-10-09 21:39:53"
"Victor Walsh","Cynthia Clay","1","bad","2","2017-08-04 17:10:11"
"Anna Lewis","Billy Nguyen","4","good","5","2021-12-06 02:30:49"
"Bradley Andrews","Kathleen Smith","5","good","1","2020-11-05 15:07:21"
"Scott Morgan","Annette Brown","3","not recommended","3","2016-03-02 11:32:55"
"Anthony Romero","Steven Wilson","3","average","4","2021-06-04 02:06:41"
"Lauren Thomas","Alexis Morris","4","good","5","2019-12-29 22:16:52"
"Shawn Graham","Andre Jones","3","average","5","2017-09-12 20:00:47"
"Brandon Simon","Michael Delgado","1","bad","4","2016-08-28 18:01:49"
"Brian Clark","Kimberly Rivera","1","bad","1","2016-07-27 02:52:41"
"Breanna Anderson","Jaime Parrish","3","not recommended","2","2017-12-10 00:30:09"
"Lori Frye","Kimberly Wells","1","bad","1","2017-05-11 00:22:43"
"Jeffery Johnson","Yolanda Wells","3","average","5","2019-04-13 05:43:37"
"Timothy French","Rebecca Edwards","2","average","1","2016-02-24 22:39:28"
"Erin Trujillo","Rachael Gay","5","excellent","3","2022-03-21 18:48:19"
"Wesley Johnston","Brandon Butler","5","excellent","3","2020-11-20 04:01:10"
"Elizabeth Pittman","Kyle Nelson","2","average","4","2018-04-07 05:20:10"
"Dawn Dunn","Jesse Clark","4","excellent","3","2018-08-05 11:52:25"
"Nicholas Warren","Ashley Hubbard","4","excellent","2","2017-12-02 03:38:38"
"Casey Cole","Randall Sullivan","1","bad","3","2019-02-16 02:55:20"
"Catherine Yates","Mark Oneal","1","bad","3","2016-01-26 15:07:08"
"Andrew Mora","Cory Dunn","4","excellent","2","2021-01-20 03:14:47"
"Heidi Holmes","Jared Harvey","1","bad","1","2018-07-31 11:33:48"
"Heather Krueger","Randall Sullivan","5","excellent","3","2017-11-16 05:49:37"
"Tracy Nelson","Beth Young","2","average","5","2018-11-06 00:00:12"
"Erik Pennington","Joseph Hoffman","3","average","4","2016-12-17 04:00:27"
"Nathan Davis","Joel Green","1","bad","2","2016-10-21 03:53:08"
"Christopher Williamson","Matthew Cantrell","1","bad","3","2017-06-25 01:47:38"
"April Hendricks","Benjamin Riley","4","excellent","4","2021-06-09 01:09:33"
"Anthony Osborne","Heidi Shelton","2","not recommended","4","2018-10-10 02:50:17"
"Christopher Cooper","Charles Ross","3","not recommended","5","2019-12-19 12:53:30"
"Mr. Jeffrey Freeman","Lisa Solis","2","average","5","2016-03-09 03:53:14"
"Jesse Vaughn","Kyle Matthews","2","average","2","2020-10-20 01:19:29"
"George Diaz","Marvin Ward","4","excellent","2","2017-06-30 23:55:46"
"Becky Knight","Sabrina Kirby","5","excellent","2","2019-01-23 16:02:20"
"Brittany Stokes","Paul Good","5","good","2","2021-10-29 00:15:10"
"Ashley Hubbard","Melissa Ray","3","average","2","2016-07-08 23:12:17"
"Devin White","David Sloan","4","excellent","5","2016-07-23 06:09:17"
"Margaret Carney","Alexander Pope","1","bad","2","2018-05-20 07:41:03"
"Alejandra Friedman","James Paul","5","excellent","1","2021-10-15 14:10:02"
"Krystal Vega","Dakota Taylor","2","average","3","2017-06-09 12:05:02"
"Michael Flores","Yvonne Hawkins","1","bad","1","2020-08-12 08:21:20"
"Mary Harris","Paula Lewis","1","bad","1","2018-01-01 20:33:10"
"Michael Davis","Tracy Jones","4","good","3","2020-02-04 16:51:53"
"Mitchell Kim","Deborah Brooks","4","excellent","3","2017-05-19 15:41:57"
"Steven Weber","Julia Jackson","5","excellent","1","2021-01-08 03:24:00"
"Matthew Byrd","Kevin Burgess","1","bad","3","2021-07-26 09:51:27"
"Jennifer Lopez","Jason Mora","4","good","2","2017-03-14 04:35:31"
"Elizabeth Webb","David Ford","5","excellent","3","2018-07-07 11:16:08"
"Shelley Horton DVM","Renee Grant","5","good","5","2018-11-15 09:30:27"
"Kimberly Rivera","Frederick Carpenter","2","average","3","2021-09-20 18:38:46"
"Jerry Francis","Jade Ryan","4","excellent","5","2018-12-07 17:57:57"
"Lisa Solis","Amy Williams","2","not recommended","4","2018-05-22 06:48:35"
"Jasmine Price","Brent Reese","2","not recommended","1","2018-07-24 03:02:33"
"Angela Mccullough","Jerry Francis","4","excellent","5","2018-03-03 10:18:28"
"Matthew Wilson","Andre Jones","4","excellent","1","2020-11-30 22:19:58"
"Michelle Christian","Carl Sanders","3","not recommended","3","2019-12-30 17:10:54"
"Kathleen Walters","Dennis Olsen","5","good","4","2020-02-29 06:35:15"
"Robert West","Grant Anderson","3","not recommended","4","2021-07-25 07:23:35"
"Brittany Aguilar","Christine Schneider","1","bad","5","2017-06-22 23:41:10"
"Sylvia Stephenson","Brian Murphy","1","bad","2","2021-12-27 04:34:38"
"Linda Ruiz","Holly Gibson","3","not recommended","2","2020-08-18 17:38:14"
"Lynn Madden","Rachael Ramsey","4","good","3","2016-10-05 18:45:08"
"Timothy French","Danielle Parrish","1","bad","5","2019-10-08 06:28:44"
"Stephanie Roberts","Amy Glass","5","good","2","2022-04-02 00:23:39"
"Jared Harvey","Christian Austin","5","good","2","2018-08-26 16:38:06"
"Jasmine Price","Jerome Castaneda","3","average","5","2017-08-08 11:18:00"
"Tracy Nelson","James Paul","2","not recommended","4","2016-06-21 21:33:58"
"Laura Baird","Mr. William Williams MD","3","average","4","2016-11-30 00:36:56"
"Matthew Cole","Paul Good","2","not recommended","4","2021-03-16 07:56:42"
"Ryan Price","Michelle Ramsey","1","bad","5","2018-06-17 02:02:47"
"Mitchell Davis","Robert Sanchez","5","excellent","5","2019-03-25 19:09:07"
"Amy Cohen","Jaime Parrish","4","good","1","2017-01-21 10:54:34"
"Jennifer Garcia","Gerald Marshall","4","excellent","2","2018-08-29 09:26:36"
"Melody Reed","Elizabeth Webb","4","excellent","1","2021-04-10 15:41:03"
"Travis Sanders","Kim Adams","4","good","3","2019-10-17 21:11:39"
"Brendan Perez","Kathleen Smith","4","good","3","2018-05-05 04:52:58"
"Lisa Sanders","Dakota Taylor","5","good","4","2021-02-26 07:16:46"
"Gregory Graham","Donna Johnson","2","average","4","2020-12-31 09:17:57"
"Jackson Nelson","Paul Barry","3","average","4","2021-12-12 04:26:11"
"Tammy Carson","Brian Oneill","1","bad","1","2022-02-27 18:43:26"
"Kimberly Dennis","Joseph Henderson","5","good","5","2016-04-11 07:55:36"
"Shawn Curtis","Dustin Davis","1","bad","3","2016-06-04 18:57:12"
"Holly Vargas","David Sloan","1","bad","4","2020-02-12 20:41:50"
"Tracy Nelson","Robert Cross","3","average","5","2016-09-12 07:38:21"
"Shawn Curtis","Cameron Sherman","1","bad","1","2019-07-25 18:41:25"
"Jason King","Brett Thompson","3","not recommended","3","2018-06-03 08:43:41"
"Sarah Maddox","Andrew Lindsey","2","average","3","2019-07-01 22:59:14"
"Sarah Maddox","Anthony Martinez","2","average","3","2020-02-24 13:26:23"
"Mary Evans","Deborah Freeman","5","good","5","2019-09-13 02:32:04"
"Catherine Carey","Christopher Bryant","3","average","3","2016-08-29 18:34:48"
"Debbie Adams","Melissa Pollard","4","good","1","2021-05-18 23:24:14"
"Stacey Mccullough","Brandon May","4","excellent","1","2016-08-09 08:08:56"
"Donna Johnson","Rhonda Peterson","5","good","4","2018-06-04 02:17:59"
"Robert Jackson","Julie Smith","2","not recommended","5","2021-07-14 11:28:35"
"Carol Williams","Sherri Shaffer","2","not recommended","5","2016-09-13 17:38:17"
"Karen Obrien","Sean Atkins","2","average","3","2021-03-25 03:55:48"
"Brittney Baker","Shannon Moore","1","bad","1","2017-12-04 07:41:26"
"Joshua Bailey","Brett Thompson","4","good","3","2018-07-20 14:37:11"
"Lori Quinn","Catherine Morales","3","not recommended","3","2019-08-13 08:01:13"
"Cynthia Boyd","Joseph Smith","5","excellent","1","2020-07-29 10:23:30"
"Karen Austin","Deborah Smith","3","average","5","2016-04-04 16:42:32"
"Mary Allen","Heather Spencer","1","bad","5","2020-09-27 20:42:56"
"Steven Riddle","Charles Ross","1","bad","3","2019-03-30 02:43:12"
"Anthony Silva","Sandra Cruz","2","not recommended","3","2019-06-09 13:10:27"
"Michelle Miller","Jamie Gray","2","average","2","2019-07-28 07:29:59"
"Jonathan Walker","James Howard","2","not recommended","3","2019-02-18 03:24:09"
"Lindsey Robertson","Dana Bradshaw","1","bad","3","2019-01-09 13:49:35"
"Rebecca Edwards","Ashley Hubbard","5","good","5","2022-04-08 18:56:40"
"Rebecca Case","Renee Grant","2","not recommended","3","2017-12-28 03:18:31"
"Kimberly Reyes","Mrs. Kathryn Howard","4","good","5","2021-12-31 03:36:50"
"John Taylor","Christopher Brock","4","excellent","5","2019-03-28 14:55:11"
"Jennifer Ross","Kimberly Dennis","5","good","1","2018-05-10 16:30:43"
"Mrs. Kathryn Howard","Tammy Carson","1","bad","5","2017-09-21 18:24:17"
"Isabella Harris","Gerald Lynn","4","good","2","2017-08-28 03:35:58"
"Jason Smith","Melissa Pollard","1","bad","4","2019-06-14 23:37:37"
"Robert Cross","Gabrielle Daniels","4","excellent","4","2018-09-02 13:40:05"
"Miss Stephanie Moran","Yvonne Hawkins","3","average","3","2016-11-25 08:10:19"
"Kayla Hood","Nicholas Howard","1","bad","1","2019-01-11 18:58:02"
"Douglas English","Richard Howell","4","good","2","2018-08-22 21:20:14"
"Barbara Key","Kevin Russo","4","excellent","5","2017-10-30 04:59:18"
"Patrick Rice","Becky Lee","1","bad","3","2016-06-27 10:10:39"
"Steven Lester","Tammy Carson","4","excellent","3","2018-12-23 05:56:53"
"Matthew Taylor","Todd White","4","good","1","2019-02-24 10:55:03"
"Donald Blackwell","Christopher Cooper","2","average","2","2021-08-11 02:51:55"
"Mr. David Martinez","Brent Chase","4","excellent","1","2017-09-01 19:52:39"
"Tammy Griffith","Michael Floyd","3","average","5","2017-12-18 00:36:00"
"Lauren Thomas","Michael Davis","3","average","4","2021-10-23 10:10:56"
"Steven Campbell","Susan Young","5","good","2","2018-03-18 10:36:20"
"Jennifer Wilson","Jessica Brown","4","excellent","2","2020-01-21 11:15:32"
"Julia Rodriguez","Scott Mason","5","good","5","2017-02-22 08:18:16"
"Carl Sanders","Katelyn Henderson","3","not recommended","4","2021-12-08 07:42:06"
"Angela Ortega","Darin Harris","4","good","1","2019-02-24 10:47:58"
"James Jacobs","Deborah Freeman","4","good","1","2017-07-04 12:52:23"
